32521960,R,4803.21,D,2781.84,R,1373.80,R,8462.24,R,2421.37,R,2735.06,R,3739.98
94592537,R,3474.34,D,9116.72,D,7777.49,D,3105.70
63624167,R,5145.09,D,1625.60,D,9890.00,D,330.40,D,5936.11,R,6013.52,R,537.80,R,5274.13,R,5633.60,R,2756.10,R,6827.24,D,2921.899239
22526721,D,8833.97,R,2116.49,D,6180.26,D,2518.60,D,8932.91,R,2796.35,R,6324.76,D,7061.75,R,2409.81,D,4799.55
61600917,R,5345.33,R,4531.20,D,2678.76,R,2493.33,D,3037.07,R,8162.33,D,3784.64,R,2039.18
42257903,R,9115.26
86085536,R,459.96,R,6626.36,R,4983.01,D,5479.80,R,7940.52,D,4924.83,D,7399.81,R,7718.69,D,7633.70,D,3406.66,R,1416.00,D,6912.943156
92403673,D,9038.03,R,6072.57,R,6077.75,D,5785.77,R,8683.70,D,2556.52,R,9664.64,R,6697.99,R,2069.65,R,8544.47
22500255,R,1274.55
92567667,D,2159.35,D,8964.82,R,4659.14,R,5515.03,D,9726.66,D,2286.19,R,5288.23,D,4348.76,D,3772.54,D,6566.84,R,1769.56,R,4918.337142
99716914,R,4291.73,D,1718.59,R,9058.31,D,422.88,R,4827.93
92635383,R,6426.60,R,9757.48,D,8032.84,R,9147.87,R,7919.60,D,911.07,D,5781.88,R,7071.86,D,1711.09,R,1493.50,R,2148.77,D,7215.346201
32521960,R,5413.28,R,7260.13,R,1378.78,R,5873.48,R,3157.95,D,2452.92
94992107,D,1468.87,R,1876.37,R,4285.40,D,7492.79
66301232,D,8942.26,R,1958.19
13877508,R,7706.81,D,9625.91,R,6161.97,R,2785.54,D,3393.61,R,2110.76,R,9149.20,R,9112.17
38127316,D,2023.16
55982990,R,4063.62,D,1132.42,R,4463.57,R,6753.09
53512938,D,14.05,R,8144.29
27261776,D,3973.72,R,1545.93,R,4207.50,R,4959.92,R,1380.42
98619365,R,6196.56
46054418,D,7447.53,R,574.95,R,3480.91,R,8459.44,R,7426.69,R,1218.83,D,4162.39,D,7534.00,R,5250.65,D,5982.03
88686445,R,1437.24,R,9644.82,D,4069.67,R,3821.53,R,9789.73
65024880,R,232.57,R,3816.74,R,3948.91,D,9437.61,R,1746.36,R,9222.00,D,4108.15,R,6992.82,R,4425.11,R,3348.25,D,801.55,R,9405.896603
31658954,R,2975.31,D,1017.86
44001893,D,4731.66,R,9218.01,D,5924.77,D,1612.75
89500552,R,1594.71,R,998.74,R,46.69
70819516,D,6476.49,D,7366.27,R,5656.37,R,4591.94
66245861,D,6521.63,D,4433.31
65622753,D,1720.78,R,5315.58,D,2029.68,R,2189.97,R,3055.96,R,5367.67,D,8117.29
42821565,D,5852.34,R,931.36,D,3333.70,R,8817.47
31887552,D,2380.43
38494851,D,1310.63,R,4342.25,R,5050.95,D,5921.95,D,2136.84
99863930,D,9138.62,D,7086.75,R,2393.03,R,6249.82,D,7514.76,D,9486.90,R,3576.62
91520713,D,2539.94,R,2722.55,D,6840.08,R,1984.82,D,2295.52,R,6649.99
62610561,R,4988.54
30740273,R,3403.20,D,6650.03,D,4973.30,R,47.63,R,5438.34,D,8269.60,D,5102.18,R,8254.06,D,5013.55,D,6527.72,D,1277.27
35680934,D,4251.35,R,3773.59,R,5551.46,R,3147.96
60477072,R,3461.05
90488389,D,5939.23,D,5127.71,D,3585.55,D,5292.38
84768917,D,6319.09,D,5913.56,R,2323.42,D,2865.90,R,9638.55,D,8243.02,D,2858.49,R,3552.49
16294514,R,1982.04,R,7721.40
95218861,R,1938.20,D,2782.76,D,3633.64,D,745.07,D,77.43,R,1741.24,R,2510.78,D,129.89,R,5823.67
92635383,R,8259.80,D,3661.10,R,3071.37,R,2285.16,R,5103.85,D,4152.11,R,7388.87,D,8547.45,R,6649.35
13952162,D,1273.53,D,5263.49
66479064,R,2712.86,R,3563.38,R,444.55,D,5762.24
49348223,D,9735.45,R,5380.17,D,1215.42,D,8815.16,R,8509.70,D,6290.23,R,5398.95,D,6857.63,R,2088.57,D,729.80,D,5364.29
99875894,D,9741.91,R,8401.32,R,6335.36,D,5745.03,D,4675.56,D,9987.88,D,6944.86,R,3381.44,R,8705.66,R,748.29,D,5602.61
36388103,R,6609.43,R,5585.89,D,1484.22,R,2596.78,D,1173.43,D,78.04,D,7188.22,R,5674.55,D,5965.52,R,715.00,D,4948.88
99863930,D,500.84,D,1881.06,D,2179.13,D,6675.71
46054418,D,2071.38,R,3102.36,D,207.18,D,5650.76,D,1492.73,D,7063.04
32951227,R,2594.10
86842208,R,7376.60,D,5513.89,R,5538.21
56337059,D,8511.84
83697223,R,4655.86,R,5816.04,R,6764.38,R,8069.90,D,6050.63,D,1259.35,R,2264.25,D,9468.07,R,8858.77,D,8662.18,R,6544.44,D,8821.277131
25563027,R,836.26,D,8342.75,D,8466.79,R,198.42,D,2080.68,R,5080.75,D,5670.95,R,8017.63,D,615.56,R,6391.60,D,6310.01,D,8546.623197
21652570,R,478.86,R,4799.91,R,2149.20,R,1900.06,R,3689.27,D,8974.46,R,1809.51,R,9699.04,R,6448.62,D,4147.00,R,1273.48
58848868,R,9613.92,R,2342.07,R,5705.05,D,7326.84,R,7414.07,D,495.84,R,7957.71,D,2743.68
11534267,R,9099.88,D,6520.94,D,3501.16
46620334,D,591.31
13692437,R,391.67,D,9666.45,D,5069.51,R,629.21,D,1246.32,D,585.60,R,7172.73,D,1407.52,D,8746.90,R,3416.70,D,5455.48
84551923,D,3885.96,R,9450.76,R,3843.05,D,7720.95,R,3110.56,D,61.78,D,8327.27,D,7213.33,D,8746.05
96488469,D,7339.10,D,5804.44,R,6172.02,D,7013.19
37372844,D,4006.84,R,1469.20,D,5647.79,R,6373.58,D,1049.56
92635383,D,152.78,D,9486.08,D,6720.35,D,2661.72,D,3141.38,D,4634.62,R,732.70
83697223,D,7833.81,D,8582.52,R,7154.98,R,2239.69,R,7948.15
70791371,R,6298.39,R,6134.67,D,1266.77,D,5500.38,D,2590.31,R,8794.42,R,3298.82
13877508,R,1062.53,R,9800.37,D,2682.22
84551541,D,7103.16,D,2124.42,R,1307.39
65024880,R,237.12,D,5075.99,R,3689.20
38306665,D,7298.68,R,7831.60,D,1891.87,D,8931.55
16294514,D,1307.92,D,4417.89,D,3223.07,D,869.29,D,2406.46,R,3944.24,R,8554.26
70548973,R,2903.30,R,8561.62,D,6015.36,R,1207.97,R,8990.53,D,9428.40,R,1060.68,R,3756.12,R,4479.96,D,540.25
95223615,R,5643.12
92567667,D,9702.22,R,767.52,R,2591.03,D,1893.18,D,344.34,D,6850.45,R,9858.29,D,4696.33,R,5017.78,R,792.17,D,4355.77
39076670,D,2580.96,R,5371.52,D,3840.24,R,2688.06,D,4061.39,D,7570.68
65178253,D,2221.53,R,2871.67,D,366.41,R,1518.65
66479064,R,3357.13,R,5260.00,R,1179.71,R,7207.67
27538601,R,6826.45,R,5558.08,D,9762.00,D,2133.62,D,7298.81,D,7419.31,R,7512.08,R,9927.64,D,6175.97,R,5021.82,R,7147.83
95365554,D,3044.43,D,8766.45
70791371,D,4993.83,D,9598.81
99716914,D,5089.10,R,7239.13
46620334,D,4972.91,D,8448.27,D,1468.59,D,2049.51,R,766.64,R,198.79
77158421,D,7385.07,R,1422.02,R,2472.95,R,5696.76,R,1913.15,R,9341.07,D,4212.27,R,4669.73,R,8452.89,D,1190.41,D,6081.48
40900097,R,24.88,D,4290.68,D,2033.03,R,8250.60,R,4878.64,R,7864.24,R,9523.94
93438199,D,5070.19
84976628,D,9320.07,D,3134.64,R,7549.18,R,1524.80,R,5206.47,R,349.32,D,6403.45,D,4474.09,D,4426.26
39076670,D,1654.16,R,8613.99,R,1554.42
96785454,R,6618.68
55982990,D,1186.36,D,2007.84,D,2768.14,R,4778.01,D,7407.85,R,1429.39,R,2387.44,D,6427.35,D,8347.32,D,4235.00
84976628,D,5872.62
84730943,D,7666.33,R,1916.63,D,1500.79,R,9905.40
75343770,R,3887.11,D,3747.50,D,3116.17
34890629,R,6255.91,D,2327.27,D,952.48,D,6091.81,R,3279.54,R,1633.81,D,8871.35,R,5406.89,R,1970.01
74470709,R,4649.45,D,3284.98,R,4482.96,D,3775.55
19556486,R,6791.88,R,5988.54,D,2045.12,D,7499.11,D,7539.73,D,3324.67,D,1431.49,D,7368.89
53512938,R,154.69,D,3331.67,R,5338.79,R,3351.33,R,2842.19,D,9226.09,D,3824.47,D,1157.36
19556486,D,8175.18
43690464,R,282.54,D,2624.49,R,8862.14,D,5600.13,R,3745.71,D,9864.90,R,4121.43,R,9427.08,R,910.78,D,8368.89,D,2329.78,R,3081.265066
97200713,R,5609.18,R,45.65,D,2740.48,R,8043.64,D,1556.02
13692437,D,5391.92,R,8079.14,D,7007.29
13584980,D,9792.31,R,63.23,R,2953.33,D,3349.85
60477072,D,5826.80,R,6503.55,D,8196.34,D,1592.98
42257903,D,4229.88,D,5514.90,R,6352.12
31926896,D,2835.39,R,3626.16,R,9420.88,R,3703.34,R,9425.13,R,9776.49,R,9584.20,R,4685.58,D,3499.16,D,3193.61,D,1517.93
74470709,R,7161.94,R,9145.10,R,7451.97,R,161.13
33535194,D,5408.87,D,8243.49,R,7989.01,D,5688.56,R,9298.22,D,9726.05,R,4880.93,R,990.38,D,5363.82,D,3281.42,R,93.51,D,1391.492717
92567667,R,2326.40,D,2521.73,D,1869.73,R,5822.69,D,2468.82,D,6853.70,R,7399.19,R,7268.64,R,4367.03
46620334,R,9825.83,D,7906.08,D,2154.11,D,7607.23,D,9675.37,R,9590.53,R,4705.87,D,7366.37
44001893,R,1850.62,D,4117.60,R,7746.06,D,829.01
92635383,D,5221.56
19556486,D,4561.41,R,1074.80,D,797.37,R,5486.77,R,5846.68,D,7207.79,R,643.87,D,8487.69,R,1892.11
64721096,R,9711.88,R,7267.59,R,6326.18,R,7226.79,D,1679.64,D,6456.78
31926896,D,1109.76,D,5027.26,D,6280.08
95218861,D,6471.78,R,5572.07,D,2552.90
62623201,D,1952.54,R,3533.47,R,518.80,R,7710.57,D,7742.69,R,9779.75
49341041,D,4213.55,R,6362.06,R,606.05,R,1034.73,D,1112.53
58867781,D,2306.08,D,2129.29,R,7392.17,R,3675.48,R,4274.84,R,5806.58,R,4620.91,D,9169.26
95223615,D,3709.50,R,9372.12,R,8671.91,D,9184.01,D,4089.40,D,4750.68,D,482.04,D,9606.48
87581536,D,1503.58,D,6837.55,D,8303.13,R,1216.96,D,1327.68,D,5857.38,R,7477.08,R,5320.64,R,3515.56
49341041,R,8063.49,R,6245.76,R,7351.38,D,203.36,R,6114.80,D,9591.54
40798837,D,3768.54,D,3219.12,R,9033.83
40714253,D,3945.13,D,3340.90,R,4801.42,R,9629.59,D,2149.48,D,4184.02,D,6812.30,R,5862.82,R,1485.81,D,1464.71,D,6232.13,D,7301.510898
22500255,D,9190.30,R,1031.26,D,8611.36,R,3725.64,D,2378.04,R,6475.73,D,6105.86,R,8387.91,D,2434.66,D,5837.51,R,982.38,D,3364.309532
68913742,D,9249.25,R,4020.02,R,1273.97,D,3464.01,R,8400.28,D,3769.30,R,5706.50,R,3507.42
46054418,R,2749.61,R,5398.27,D,8115.51,R,4185.40,R,5502.45
55982990,D,5289.59,R,4883.22,D,8863.93,R,7375.48,R,3704.07,
35680934,D,149.28,R,9079.16,R,9000.82,D,8066.51,R,7432.67,R,1.47
67246814,D,5738.90,D,5239.11,R,6387.74,D,5267.65,R,5352.25,D,8470.91,D,2210.33,D,2240.16,D,5317.08,R,4591.26
69517270,R,5681.28,D,6571.92,R,3470.24,R,889.63
26423836,R,3970.33,D,9387.59,R,943.32,R,6317.74
99863930,R,2819.80,D,2619.46,D,1706.34,R,5798.05,D,8798.84,R,2476.24
86842208,R,6135.60,R,4965.25,D,7849.54,R,9212.63,D,3045.10,D,5710.36
74188136,R,5188.56,D,8148.54,D,407.15,R,5801.23,D,1028.82,R,2963.83,D,361.70,R,9326.20,D,8067.05,D,4714.67,D,3215.64
12327032,D,8643.68,R,5815.78,D,2030.91,D,1880.57,D,7906.02,R,4583.86,D,1264.90,D,2947.77,D,1157.51
79760436,R,2176.65,D,445.60,D,3008.18,R,6221.73,D,642.66
67246814,D,2933.33,R,2068.04,D,3830.39,R,7654.33,D,5828.87
92403673,R,11.71,D,3825.40,R,9692.47,D,9544.02,D,2646.48,D,871.65,D,1703.74,R,425.38,D,5722.36,R,6702.90,R,7998.71
57117057,R,1050.95,D,7517.58,D,6722.07,R,9484.58,R,7975.28,R,3654.17,D,1851.55,D,9314.11,D,7397.26
84768917,R,426.32,D,6408.99,R,8314.57,D,2923.83,R,7921.18,R,4087.76,D,4059.23
69517270,D,3883.99,D,2316.77
31887552,R,9345.69,R,4825.23,D,324.56,R,6294.23,R,5743.19
69517270,D,4754.40,R,9755.81,D,2223.39,R,4166.63,R,3204.00,R,6415.59,D,8407.04,D,9061.41,R,6821.68,R,6486.77,R,6580.23
62610561,D,3.82
98619365,D,250.34,R,9602.16,D,29.93,R,5771.33,R,5448.93
89722061,R,9245.41,R,7549.02,R,2569.79,R,4599.49,D,5501.37,R,1766.70,D,2464.30,R,4014.13,R,6325.04,D,7621.89,D,3350.42
84768917,R,2979.31,R,1318.41,R,3525.95,D,9318.25
45326405,R,2683.18,D,2715.29,D,6680.08
78630077,D,1570.03,R,715.67,D,2707.90,R,4679.13,R,8734.74,D,929.93,R,1695.72,R,1204.54,D,8213.87
62555111,R,845.56,D,2940.50,R,2335.65,D,8718.81
47029008,D,8143.46,R,5310.88,D,3138.51,R,3535.80,D,7416.18,R,8960.47,R,5602.97,D,5261.58
35680934,R,803.26,D,8820.59,R,2549.08,D,7706.34
84768917,D,4409.55,R,7628.99,R,3085.03,D,1806.97
84524521,R,2271.71,R,2303.02,D,6585.71,D,4932.62,R,9817.36,R,269.97,D,5683.86,D,8000.61,D,5858.84,R,929.37
54164909,D,7227.56,D,5179.86,D,5141.38,R,5570.93
71857919,R,3407.10
13877508,R,954.99,D,7507.19
99716914,R,9954.54,R,8512.87,R,8631.69,R,4778.41,R,2658.61,D,6632.18,D,2308.24,R,2011.79,D,292.65,R,2459.25,D,2467.99,R,7503.051058
38377070,R,8619.62,R,6609.19,R,6988.36,D,5486.34,D,1116.57,D,2125.61,R,6870.18,D,9637.35,D,2514.48
42821565,D,8637.64,D,5427.01,D,7032.86,R,526.42,R,4485.56,D,6999.38,R,3257.34,D,6375.92,D,2711.54,R,5486.50,R,9928.29,D,7308.109839
19556486,D,9116.39,D,3610.88,R,4307.34,R,4391.57,R,9446.10,D,4849.34,R,4477.28,D,7200.95,R,4268.69
57117057,D,1627.97,R,2781.94,R,4215.48,R,6905.00,D,1007.27,D,5135.65,R,5622.60,R,1139.32,D,6049.44
65178253,R,4763.12,R,1232.64,R,8947.38
83697223,R,842.64,D,4674.78,R,9156.62,D,6390.04,R,8172.75,D,6258.29,D,1282.15,R,9663.70
49348223,R,6118.14,R,4185.76,R,3383.66,D,4481.97,D,5941.87,R,6360.64,D,5113.46,D,4372.34,D,6432.62
98619365,R,5842.12,R,8423.69,R,8432.61,R,3547.45
44001893,R,6475.97,R,5383.62,R,5480.97,D,3990.22,D,3300.25,D,6833.05,R,8702.21
68913742,D,7187.30,R,6810.09,D,267.65
44001893,R,5991.76,D,4268.85,R,5062.01,D,4590.58,R,2535.79,R,5947.63,R,9373.50
55982990,D,6356.77
99875894,R,8889.78,R,3832.43,R,9311.47,R,9683.38,R,1413.69,R,7742.68,R,726.37,R,855.41,R,3303.06
89722061,R,1665.99,D,8340.49,R,5955.05,D,9398.87,R,6643.28
17985299,D,5845.78,R,8539.22,R,9583.34
61128339,R,5582.16
43690464,D,6183.92,D,9834.45
87581536,R,6166.98,R,5259.56,R,7085.68,R,1626.80,D,7848.42,R,6229.22,D,1098.97,R,4965.36,R,1545.46,R,2577.39,R,7339.03,D,6092.585863
35680934,R,7544.74,D,553.60,D,8794.55,R,8518.13,R,8864.52,D,6623.45,R,9716.65,D,5148.54,D,5160.25
57117057,D,7110.41,R,4623.86,D,3249.32,D,6597.18,D,5209.30,R,7849.44,D,1275.29,D,3367.46,D,4865.00,D,9050.03,R,2680.64,D,8545.127998
45326405,D,9963.43,D,6285.87,D,2427.18
33156360,R,8609.59,D,5071.69,D,8269.98,R,2479.09,R,1431.05,D,6520.73
62623201,D,9184.65,R,1202.13,D,371.14,D,6763.99,D,6118.84
38494851,R,3752.90,D,4709.58
55982990,D,4867.56,R,6186.65,R,2504.37,D,3421.45,D,6380.49
53512938,D,5202.84,D,8916.16,R,6201.94,D,9634.00,R,9631.30,D,465.86,R,2245.91,D,3231.94,R,5017.44,R,6750.16,R,1120.44,D,559.245951
38306665,R,2484.03,D,1947.63,R,8991.08,R,2172.14,R,7711.34,D,3800.14,D,3930.79,D,1962.94,D,7150.75
31887552,D,7009.75,D,9402.54,D,1809.84,R,4487.60,R,8497.75,D,7566.87,R,3060.65,R,9774.65,R,4619.40
96676253,R,9189.74,D,2989.26,R,3025.10,D,5033.71,D,3491.23,D,3803.85,D,9698.08,R,8583.48,R,4405.63,R,6167.14,D,6746.85
37372844,D,8955.47,R,2398.82,R,5180.02,R,7104.64,D,4833.82
37372844,R,4266.38,R,3218.20,R,3212.54
65921718,R,9947.37,D,8449.94,R,6700.93,D,2115.56,R,2868.58,D,1914.22,R,5398.91
12327032,D,24.09,R,8849.56,D,5515.40,R,9658.03
13877508,R,9606.99,D,424.96,D,7952.57,R,6736.32
30740273,R,1411.81,R,8062.19,D,4463.31,R,4898.74,R,8742.10,R,2424.26,R,645.36,R,748.55,D,7531.51
16284504,D,2470.07,D,6511.76,R,2453.29,R,3538.77,R,1817.97,D,2714.79,D,9345.04,R,1816.44,R,3461.77,R,1026.09,R,6478.22
94137329,R,392.83,D,4406.55,D,4086.14,D,4337.59,R,1325.08,R,922.30,R,2429.39,D,1698.65,R,1963.07,R,3968.36,D,7345.30
22500255,D,4671.77,R,3975.16
65178253,R,7523.01,R,555.26,D,909.54,D,6368.20,D,145.20,D,8202.04,R,3257.44,R,3574.53,R,5777.11,D,1488.36
46620334,R,6347.63,R,966.72,D,296.72,R,3146.32,D,7288.30,D,351.88,D,5038.26,R,5643.60,D,2614.72
77158421,R,1414.87
23089055,D,9701.19,D,1976.98,R,5853.06,D,1800.06,R,5286.28,D,3478.00,R,8621.57,R,2775.90,R,3074.07,R,1332.59,R,4236.59
27248919,R,945.15,R,4008.14,D,8321.50,R,3230.90,D,5964.80,D,5038.99,D,6318.16
31926896,D,1814.54,D,3043.43,R,1944.72,D,8498.68,D,6309.02,R,8287.11,D,2916.68,D,7874.61,R,3040.38
92635383,D,952.60,D,512.16,R,963.56,D,7980.14,D,930.85,R,1391.32,R,335.41,R,5153.35,R,1653.61,R,7751.32,R,1592.18
99716914,R,9654.16,R,1541.52,R,9489.11,R,8180.81,D,7757.37,D,7137.47,D,6144.06,D,4217.35,D,3726.08
92567667,R,7357.23,D,7098.60,D,8630.09,R,5171.60,D,6762.14
13692437,D,7232.91,R,9108.51,D,9946.29,R,204.52,D,9055.28,D,229.04,D,1086.06,R,4997.56,D,2674.17,D,7943.94,R,1570.87
22526721,R,3803.97,D,8327.86,D,1547.95
37479656,D,3328.34,R,5380.34,R,7196.18,D,2788.93,D,7615.65,D,2740.26,R,84.76,D,6100.65,R,7251.64,D,6500.17
11649163,R,9131.08,R,7361.83,D,8804.18,D,528.51,D,4560.28,D,598.86
27261776,D,4069.31,D,1196.25
38377070,R,6145.37,R,3295.08,D,3243.92,R,2953.15,R,1318.04,R,2922.54,D,3577.14,R,6974.43,R,9248.22,D,2824.15
84730943,D,2666.68,D,680.80,D,6818.61,R,7016.34,D,5939.47,R,8565.12,D,1766.82
16284504,D,8695.30,R,5828.95,D,6646.92,R,562.47,R,1644.68,R,8144.10,D,5378.56,D,5601.01,R,3126.77,D,7747.61,R,9521.11
34196435,D,4201.40,R,1384.72,D,2634.30,R,9672.99,D,5972.28,R,5344.69,R,9672.25,D,2820.38
42257903,R,6472.10,R,9073.12,R,24.17,R,4784.86
96488469,D,4524.33,D,2849.71,R,9814.89,R,5623.31,R,4207.54,D,7320.70,D,6653.97
84730943,R,4761.41,D,3274.99,R,261.34,D,1580.12,D,5316.88,R,8652.10,D,8900.35,R,4719.91
47029008,R,540.10,D,46.76,R,7249.39,D,7082.33,D,472.98,R,2921.14,R,4494.63,R,5793.03
85980631,D,1058.15,R,5379.45,D,2694.22,D,5675.60,D,6820.54,R,1507.12,R,9134.14,D,4546.30,R,6708.85,D,273.95,D,7409.49
65921718,R,1198.88,R,125.25,D,4484.43,R,6277.79,D,3685.12,R,883.76,R,6172.49,R,3308.93,D,8000.67,R,2317.38,D,9863.64,D,5808.736782
92403673,R,7265.29,R,2789.55
69500081,R,3722.20,D,4554.76,D,1531.11,R,2359.58,R,9003.05
57117057,D,1543.99
16294514,R,5413.62,D,6965.92,R,430.37,D,3813.86,D,5685.65,R,6234.17,R,555.17,R,4590.30
90488389,D,5852.07,R,4621.95,R,3272.58,D,5109.39,D,5095.70,R,3429.06
66245861,R,4874.59,D,7851.19,D,4064.55,D,1535.39
56160173,D,3298.07,D,8997.23,D,6752.52,R,7595.28,R,1193.52,D,4393.32,D,5428.63
31621787,D,5654.09,D,1485.74,D,1402.33,R,1474.05,D,8815.43,R,1361.56,D,803.46,D,9397.41,D,4854.99,D,6716.24
62555111,R,1430.61,R,4902.28,D,4219.76,D,2346.45,D,3924.70,D,942.34,R,6505.73,D,2603.26
31926896,R,4013.50,R,1816.74,D,5761.35
52441740,D,1858.03,R,9842.92,D,8038.80
78630077,R,6196.91,D,334.14,D,4900.09,D,6392.07,D,5566.01,D,9192.66,D,9982.94,R,4933.11,D,9054.57
76573574,R,873.07,R,5488.67,D,6982.37,D,2429.94,D,3148.68
63624167,R,5721.07,D,1604.17,R,3261.44,R,4060.85,R,4877.11,D,5257.06,D,2013.67,R,4029.63,R,8009.25,D,8750.34,R,665.80
13525704,R,8836.15,R,2473.75,D,2551.19,R,3875.36,D,1663.30
58848868,D,9098.36,D,5423.04,D,6408.46,D,5628.82,D,7737.26,R,8837.71,D,214.25,R,8848.18,D,5597.66,R,9526.25,D,8407.61
22986970,D,8951.21,D,980.28,D,2487.47
44947319,D,3092.19,D,723.82,D,521.52,D,2358.13,D,6967.17,R,3435.42,R,312.79
66301232,R,8842.32,D,3414.96,D,4252.64,R,2168.94,D,8374.72,R,5795.65,R,3248.13,D,8717.84,D,3874.00
43690464,R,9345.16,D,6732.29,R,2634.83,R,6967.21,D,5008.09,R,7480.24
72804749,R,4212.69,R,8513.72,R,1111.61,R,3809.33,R,9424.64,D,8366.75,D,3801.07,R,4083.81,D,4587.63,R,9323.12,R,3200.02
54150869,R,3520.25
70548973,R,9582.42,R,3739.90,R,6181.48,D,3131.83,R,2654.71,D,764.41,D,7643.09,D,8941.03,D,3493.42,R,6266.33,R,9215.84,D,1594.383217
83697223,R,5169.14,D,5287.94
20204753,R,8343.45,D,3746.60,D,695.45,D,5877.89,R,6431.11,R,1772.30,R,7530.12,R,1899.14,D,2508.90
91520713,R,3744.07,R,6441.54,D,835.81,R,3095.26,R,1431.47,D,2817.16,D,3964.84,D,356.16,R,3295.01,D,9888.26,R,7040.85,D,9343.232072
46620334,D,9721.74,R,8553.07,R,9996.07,D,8069.43,R,6114.32,D,7336.60,R,7936.08,R,7636.07,R,8475.48,R,7246.47,R,7132.70
57440692,R,2247.65,D,3444.34,D,1949.55,D,3044.46,R,7934.12,D,3503.14,R,1692.15,R,6964.81,D,9524.91,R,3319.58,D,5417.59
85980631,D,2221.41
86842208,R,3565.50,R,5438.17
61614574,D,6906.95,R,3621.99,R,4958.87,R,1022.15,R,4293.80
46054418,R,4411.51,R,4051.86,R,5028.89
15693414,D,3336.31,R,464.28,R,2806.22
44947319,D,9715.58,D,4821.76
34196435,D,3256.07,R,6838.49,R,3341.91,D,5451.71,D,2765.25,R,7664.30
40798837,R,1560.71,R,5098.51,R,4452.21,D,8643.24,D,3497.25,D,1903.69,R,1580.85,D,3183.57,D,2218.56
99710031,D,2107.48,D,3581.08,D,3224.03,R,2195.59,D,4180.97,D,9013.21
73662860,R,1244.89
60477072,R,390.37
23089055,D,8858.77,D,7466.26,D,9214.88,D,8941.49,R,1468.95,D,398.25,D,5549.34,R,7005.54,D,4547.56,R,9625.99
70819516,R,736.40,D,4128.07,D,7909.49,D,5737.93,D,2703.18,D,929.61,R,9362.17,R,5914.24
40714253,D,7092.65,D,3418.30,R,5934.25,R,8854.98,D,7144.09,D,2819.58,R,3001.06,D,6471.46,R,6693.88
31926896,D,666.83,R,9326.35,D,8796.29,R,3979.04,R,7999.10,R,5399.91,R,2501.82,D,8366.48
13877508,R,399.52,D,9427.76,R,4851.54,D,9261.48,R,8967.99
56337059,R,7081.13,D,6398.00,D,317.81
35867437,D,1038.48,D,245.54,R,2925.64,R,3547.12,D,7476.36,R,598.73,D,6627.82,R,4310.05,D,8891.00,R,564.78,R,7948.06,D,9891.909635
94992107,R,1941.30,D,6353.24,D,42.53,R,3745.04
66301232,R,3194.37,R,3374.36,R,4727.06,D,6816.23,R,3783.88,D,2402.54,D,1192.24,R,4863.84
90488389,D,8265.19,D,4388.03,R,2532.80,D,9954.87,D,6027.02,R,4160.99,R,6126.47,D,9688.14,D,1422.36,D,3426.56,R,3812.32
71612808,D,4646.19,R,8714.38,D,1664.98,R,8251.78,D,347.44,D,5008.30,R,4702.66,R,8725.31,D,7880.67,R,9802.82,D,9496.45,R,7733.29394
21652570,R,5152.94
84551923,R,465.53,D,9670.52,D,551.00,D,1202.62,D,7799.13,D,181.83,D,4623.11,D,1793.71
33156360,D,8659.66,R,6183.02,R,741.91,R,9033.55,R,761.22,D,3403.41,R,7866.05,D,5016.04,R,1483.37,D,3436.40,D,3976.25
54150869,R,4522.01,R,5861.32,R,6417.18,D,1375.56,R,5837.38,D,3514.59,R,9958.51,D,5525.73,D,1375.49
22500255,D,1567.28,R,6223.97,R,2256.42,D,5399.42,R,9094.69,R,3450.59,D,4368.35,R,1512.01
72804749,R,2786.08,D,5983.13
72336229,R,3180.03,D,7378.14,D,6518.77,D,601.22,R,1328.21,D,5407.39,R,10.38,R,88.85,D,3396.77,R,4062.91
73108616,R,7364.61,D,4049.33,R,7916.49,R,2945.98,R,2474.74,R,1975.74,D,7373.18,R,7253.44,D,6070.12,R,5857.65,R,7861.09,D,7817.941921
67246814,D,8681.02,R,9970.76,R,7569.21,D,733.59,D,6857.10,R,6751.54,R,521.23,D,6942.81,R,3523.17,R,1115.08
49341041,R,4968.36,D,3862.07,R,5595.34,R,9761.34,R,8583.53
93438199,R,4466.94,R,4918.02,D,547.14,D,9144.51,D,4960.75,R,6195.22,D,1161.47,D,9490.68
71857919,D,5047.94,R,9938.98
61614574,R,7765.93,R,3646.46,R,6289.20,D,9375.25,R,8092.49,D,6712.60,R,4358.33,R,2106.79
84551923,R,2694.31,R,3466.47,D,57.08,D,6107.42
52986815,D,2268.55,D,305.64,R,6284.91,D,5130.86,R,295.47
97927102,D,3080.00,D,2466.46,R,7778.72,R,2313.35,D,6414.17
84976628,D,2200.07
72804749,D,520.72,R,9341.13,R,384.30,D,1832.14,D,4494.86,R,1402.71,D,9516.56,D,975.64
86422100,R,4808.47,R,1319.59,D,1195.70,D,9492.37,R,7720.07,R,9056.58
61600917,D,2617.46,D,2163.89,R,2348.50,R,3543.54,R,3306.42,D,4763.74
72804749,D,9692.80,R,6573.71,R,5502.85,D,831.58,D,7881.37,D,9798.03,D,9860.82,R,8668.63
34088543,R,3528.99,D,9383.06,R,4769.11,R,6159.57
63624167,R,7336.82,R,2825.55,D,2675.90,R,9333.02,R,5909.50,D,8905.16,D,2889.07,R,9985.80,R,355.15,D,7244.64
75343770,R,7031.20,R,2343.42,D,4341.15,R,5275.69,D,231.72,R,7585.03,R,4054.51,D,2924.50
16294514,D,7201.03,D,6502.21
68913742,R,4993.26,D,1621.75
76573574,D,3843.27,D,4656.97
42821565,D,4825.68,R,8582.07,R,8299.82,D,5261.75
13692437,R,7882.75,D,6326.55,D,2348.12,R,1582.08,R,4408.11,D,7407.24
94137329,D,1509.80,R,178.45,R,9912.42,R,6828.96,D,4643.92,D,3051.36,D,70.69
92635383,R,141.31,D,863.00,R,4101.51,D,4216.80,R,6738.81,D,5760.70,D,7808.33,R,8828.29
92403673,D,7497.67,D,6897.64,R,6273.61,D,5952.02,R,9983.33,D,9869.72,D,1470.30,D,180.43
53512938,D,6528.47,R,1857.81,R,3707.04,R,4491.35,R,6690.22
15693414,D,4241.10,D,5115.19,D,6890.55
75343770,D,4292.41,D,1462.20,D,6924.44,D,2439.75,D,9405.58,D,3559.09,R,7796.80,R,502.62
52441740,R,8135.37,D,6038.89,R,748.70,D,9486.41,R,7448.19,D,5771.90,D,358.34,D,1202.02,R,3573.71,R,9927.49,R,6559.80,D,3337.610979
30740273,D,3184.95,R,5987.55,R,4835.54,D,9380.33,D,1772.61,R,8989.65,R,6519.02,R,382.19,R,9967.63
43055410,R,6043.22,R,5201.49,R,6889.06,R,897.56,D,465.42,D,5095.48,D,2713.59,D,9988.62
65921718,D,4091.96,R,9002.39,D,4427.98,R,3350.08,R,345.01,R,9839.28,R,8550.78,D,1941.98
57440692,D,3439.82,R,913.29,D,8331.06,D,4392.02,R,2457.47,D,1045.75,R,7389.00,D,6849.91,R,1395.49
13938540,R,4014.02,D,8973.46,R,8384.90,D,4360.81,R,6372.70,R,4338.68,D,8198.04
92567667,R,9733.04
84768917,R,5514.87,D,4941.58,R,2132.64,D,9010.15,D,1212.40,D,6744.62,D,1309.51,D,1361.94,D,6836.46,R,6402.61,D,1729.41
27261776,R,3748.41,R,5116.85,R,2917.98,R,9894.75,R,1869.92,D,7553.28,R,6084.44,D,105.16,D,3125.42,R,4736.53
57117057,R,4487.48
38377070,R,6449.08,D,3686.41
94592537,R,1039.72,R,2813.91
16555031,R,3785.21,R,5069.43,R,3215.12,D,710.23,R,2697.60,D,3193.74,R,1094.90,D,3257.29,R,2692.56
34196435,D,6240.49,R,474.89,R,4775.19,R,5925.28,D,5147.71,R,7076.80,R,344.08,R,3061.83,D,1305.13,R,3431.42
86842208,D,5709.42,R,2597.46,R,5922.22,R,1265.01
45981015,D,2149.50,R,9373.40,R,1382.14,R,2636.59,R,6594.95,R,8032.92
72804749,D,5005.24,D,6239.81,R,8563.67
72804749,R,2257.13,R,5106.15,D,1048.07
35470729,R,8790.86,R,7145.92,R,6273.48,R,4528.62,R,6485.45,R,7708.33,D,1872.91,R,3707.92,R,6816.62
77158421,R,3554.11,R,7327.88,D,5841.05,D,5524.99,D,8054.52,R,9406.66,D,3763.66
89722061,R,6430.62,D,6344.42,R,3231.70,R,530.51,R,2724.28,R,8770.15,D,7539.30
83697223,R,8733.24,D,757.11,R,3309.05,R,4117.64,D,6501.38,D,2577.08,D,6487.90,D,6404.15
97787424,D,7626.17,R,7888.88,D,4133.79,R,9371.91,R,5051.35,D,4183.81,R,4633.52,R,8871.11,D,8890.14,R,3891.30,D,6275.12,D,992.8459251
61600917,D,1013.55,R,5906.70,R,1778.88,R,591.94,R,4247.60,D,8194.26
85980631,D,1680.34,D,7109.47,D,4252.36,R,6218.06,D,163.02,R,6962.77,R,4761.53,D,5835.33,D,9165.34,D,8609.99,R,2921.05
20204753,D,2287.32,R,5909.65,R,8982.73,D,9771.70,D,7709.70,D,5611.25,D,9358.18
42677970,D,756.68,D,6951.10,R,3017.07
30928768,D,4142.48
75343770,R,483.61,D,9953.06,D,1186.72,D,7362.85
42257903,D,8280.68,R,5990.22
32521960,R,8587.48,D,9832.34,R,2292.59,R,3551.08,D,5065.43,R,1202.88,D,1803.93,D,1541.48,D,3076.27,R,7664.97
31621787,R,9566.97,D,6343.81,D,1438.25,R,3785.39,R,8529.63,D,9661.25,D,7399.44
22526721,R,8717.50,R,5573.63,R,1944.98,D,2876.45,D,3722.97,D,7923.03,R,9589.76,R,880.28,R,6480.35,D,2934.24,D,9263.93,D,4726.564826
99428756,D,3376.88,R,4021.72,R,2423.10,D,8437.84,R,15.78,D,2596.09,R,22.72,R,3629.00,D,8147.79,D,2650.32,D,8269.47,D,9424.016028
62555111,R,9588.66,D,5924.03,R,4881.84,D,1356.53,R,1524.91
99863930,R,3446.98,R,3517.92,R,7750.93,D,1639.47,D,5948.51,R,3895.96,R,27.71,R,4512.86,D,2608.26,D,6628.36
11649163,R,3083.08,R,1003.83,R,6757.58,D,853.35,R,9264.67,R,7917.59,D,8386.05,R,1628.14,R,4697.55
34196435,R,4004.47,R,9581.57,R,533.96,D,6650.05,R,3859.73,R,8918.23,R,5507.83
38306665,R,6001.90,R,6246.85,D,9450.34,R,438.37,R,5866.21,R,1777.06,R,3770.92
45591837,D,6157.18
61713280,D,4659.92,R,3804.62,R,2109.65,D,6596.02,R,2886.39,D,9255.41,D,1720.90,D,6724.87,R,176.78,R,2312.09,R,181.07
22500255,R,2592.24
49348223,R,2919.25,R,836.67,R,5290.66
52441740,R,5674.35,D,2460.71,D,1851.65,R,2340.79,R,3683.00,R,529.97,R,133.06,R,3023.74
11534267,R,9463.94,R,9641.35,R,7531.67,D,382.34,R,6205.42,R,3054.33
42257903,D,6990.39,R,8401.33,R,2317.02,D,4500.72,R,5398.29,D,3617.81,D,5051.98,D,7980.61,D,608.44,R,6061.04,D,4458.71,D,74.12413826
31621787,R,3972.23,D,1833.77,R,1682.14,R,3901.27,R,674.98,D,8147.70
49348223,D,5173.93,D,2576.28,D,1273.18,R,2397.45
62555111,R,4688.54,R,5100.72,D,1359.48,D,6216.60,R,9184.80,R,8305.82,R,4852.36,R,2702.42,D,6722.71
98619365,R,5378.92,D,9146.06,D,3777.48,R,7539.72
16611404,D,6977.12,R,2723.52,R,3937.70,R,9724.89,D,9221.27
33156360,D,9161.73,R,8402.27,R,6077.19,D,3587.21,D,980.46,D,4990.90,R,5584.91
34890629,D,6478.84,D,7465.75,R,5019.80,D,612.68,R,8550.22,D,8132.89
62555111,R,6087.55
34196435,D,9825.12,D,4.60,D,3867.20,R,8426.34,R,3764.52,R,7268.63,D,1453.98,R,6793.45
16294514,D,5902.36,R,2834.55,D,7594.76,R,5583.53,R,6309.81,D,2442.42,R,6011.80,D,6014.28,R,6549.72,R,5600.43,R,1395.09
45981015,D,5888.11,R,6414.07,D,6334.75,R,7082.09,R,1331.48,R,343.62,D,2659.39
73108616,D,5526.01,D,2123.44,R,7157.34,R,5754.12,R,7196.24,D,5951.23,R,6760.43,D,7972.18,D,5945.09,D,7930.73
71857919,D,4914.48,D,7939.98,R,5129.83,D,6808.14,R,504.37,R,6808.25,D,595.14,R,6363.93,D,7270.59
27538601,R,8745.31
13525704,R,1648.74,R,6164.09,D,5569.64,R,2189.10,D,3287.85,R,7028.75,D,2978.19,R,5005.68,R,4369.34
30928768,R,1986.03,R,8551.67,D,3580.32,D,8221.17,R,4997.45,R,2815.61,D,5446.92,R,9870.83,R,6435.19,D,484.90
99863930,D,3025.18,D,1541.92,D,4984.40
72804749,R,7158.62,D,7996.53,D,2362.70,R,2969.82,R,6014.89,R,3772.68,R,8600.56,R,8951.18,R,6312.56,D,2652.81
37372844,D,5185.82,D,1128.80,R,1459.08,D,9408.02,D,7531.25,R,6285.60
33156360,D,2413.64,R,5622.40,D,1091.47,R,6585.60,R,9540.36,D,6005.91
66479064,D,7902.78,R,2214.28,R,6320.19,R,9967.84,D,2072.84,D,7806.84,R,9552.06,R,1837.57
42257903,R,8442.79,R,6243.07,R,739.65,R,6765.79,D,963.39,R,2876.04,R,6141.68,D,2512.71,D,7355.63,R,2593.15
42677970,D,1400.16,R,568.81,R,6798.40,D,2202.97
71857919,D,6754.82,R,3965.25,D,1287.98,R,6941.35,D,237.57
97200713,R,7801.82,D,7421.90
61600917,R,9678.45,D,5674.43,R,4420.86,D,6775.42,R,5820.46,R,9110.23,R,2438.11
26423836,R,1237.79,R,9642.44
84524521,D,1652.85,R,644.81,D,6568.14,R,5234.49,D,6431.03
54164909,R,8089.99,R,7857.35,R,1412.96,D,6661.95,D,8666.94,R,7060.32,R,3093.89,R,1299.63,D,7198.98,D,7305.74,D,2352.60,R,2567.32343
90488389,D,9553.40,D,1592.48,D,344.80,R,4416.76,R,8728.01,D,6066.92,R,7645.97
15098963,D,9624.95,R,7442.18
54150869,R,7700.39,D,9522.54,D,2929.28,D,6138.43,D,9860.02,D,8192.98,D,7234.24,R,9774.07,R,8568.69,D,7137.54,R,243.90
22500255,D,5380.49,D,7275.56,R,5978.92,R,6281.25
84551923,D,7675.99,D,1594.88,D,9825.32,D,2227.77,R,2695.56,R,8479.24,R,2528.78,D,5175.38,D,4916.92,R,4302.39
67246814,D,6835.67,D,5490.71,R,1732.35,D,6663.91,D,540.04,D,8608.42
64717056,D,9436.61,R,765.95,D,2470.61,R,2775.67,D,2560.23,R,8211.08,D,4024.31,D,2809.97,R,9432.19,D,5895.82,R,9853.26
34890629,R,4453.79,D,178.77,R,7801.22,D,3729.81
30148649,R,4174.65,D,688.90
94592537,R,9559.18
31621787,D,5844.76,D,2114.31,D,5117.38,R,1408.07
49341041,D,3594.81,D,3154.39
44001893,D,1041.97,R,9063.50
30740273,R,9993.23,D,9129.18,D,951.60,D,4727.97,R,1490.70,R,6033.74
15098963,R,5185.70,D,1653.61,D,7976.92,R,9910.06,D,1845.64,R,6218.71
91711630,D,1808.92,D,5219.92,R,2432.47
15693414,R,1422.54,R,8753.16,R,1118.62,R,1304.73,D,5250.26
25563027,D,9161.19
99710031,R,6079.61,D,7932.02,R,1214.65,R,16.73
70548973,R,5539.33,R,3747.66,R,9297.73,D,4100.62,D,2060.11,R,1983.25,R,1883.80,R,6446.19,D,4249.88,D,8757.09
97787424,D,6756.25,R,1921.22,D,1621.48,R,3208.70,R,1448.21,D,2702.28,R,7373.66,D,1863.75,R,4389.74
70791371,D,9132.57,D,8102.14,R,4658.76,R,7557.69,D,6322.62,D,6424.89,D,7978.58,R,4731.13
43055410,D,2240.76,R,1081.27,D,4741.91,R,9623.44,D,6235.78,R,7936.62,D,9973.45
43055410,D,9875.02,D,3749.94,R,2133.25,R,7737.31,R,2865.39,R,1673.95,D,4779.70,R,848.02,R,6192.19,R,6660.94,R,835.76
58867781,D,8796.34
30740273,R,6922.20
67246814,D,9814.97,R,1429.57,D,7758.28,D,4765.88
76573574,R,2682.56,D,1764.03,D,4533.79,D,7116.75,R,1965.03,D,5498.07,D,4334.05,R,8512.37,D,1455.59,D,6816.67,D,6430.19
60660536,D,1657.75,R,4554.01,D,6056.06,D,2107.54,D,2837.35,R,2565.61,R,3157.26,D,1939.00,D,2702.59,D,4799.91,R,5351.88,D,9881.135193
87581536,D,686.13,R,7448.59,D,5489.21,R,6921.87,D,1324.86,D,9253.76,R,5397.92,D,7334.59,D,3021.32,R,6780.00
97200713,D,7632.76,D,1664.25,D,6633.97,R,2499.18,D,9.94,R,2637.91,R,9414.39,D,885.89
20204753,D,4671.00,R,9050.90,D,7890.04
21652570,R,6079.43,D,646.04,R,2893.16,D,6188.08,D,4899.80,D,287.85,D,2392.75,D,8533.13,R,9883.37,D,7241.41,R,7981.09,D,3669.543068
52986815,D,2940.56,R,8313.89,R,5250.47,R,4359.11,R,2079.15,D,4237.88,R,5335.79
46620334,D,8389.27,R,3932.17,D,7589.71,R,3729.75,R,4355.56,D,7988.65,R,6875.21,R,4590.42,D,6877.50,D,5938.88,D,1839.20,R,4230.636959
76573574,D,9255.64,R,5549.24
20204753,R,8621.40,D,114.41,R,2886.08,R,5080.41,R,6707.77,D,5474.48,D,908.25
75343770,R,6442.88,R,6276.26,D,6079.03,D,2472.19,R,8654.31,R,2152.97,R,484.47,R,2814.69,D,4138.97,D,6575.61
31926896,R,937.74
99710031,R,6255.05,R,2409.81,R,95.34,D,7354.79,D,8652.85,R,2388.50,D,3654.06,D,5882.13,D,172.89,D,2862.53,R,6058.48
22500255,D,241.22,D,2823.87,R,72.74,D,7588.21,D,1075.38
23089055,R,2050.59,R,2950.51,R,6807.42,R,615.67,R,1223.28,D,8790.15,R,2519.09,D,9711.87,R,3707.32
39814510,R,4108.19,D,4023.02,R,2272.10,R,3422.05,D,7323.26,R,4823.71
60477072,R,6991.04,D,3107.04,R,9641.78,R,3248.96,R,4029.52,D,8056.94
75343770,R,8417.11,R,3625.31,D,4676.92,D,2918.95,R,3743.27,D,5297.11,R,8427.48,R,1147.56,R,6351.39
71612808,R,1517.80,R,985.12,R,8296.61
42821565,D,8974.40,R,8071.98,R,207.69,R,7222.74,R,3158.98,R,8921.71,D,712.33,D,5160.78,R,8698.27,D,1988.22,R,9991.78
49348223,R,2163.01,R,3235.17,R,9870.82,R,3350.08,R,7936.92,R,491.79,D,4754.92,D,6748.90,R,7370.05,R,7273.54
87581536,R,5699.38,D,4581.39,R,4433.21,R,6936.54,R,6681.99,D,9845.31,R,9345.36,R,5452.85,D,1621.86,R,3566.32,D,2000.99,D,2476.454089
45326405,R,9854.59,R,8500.92,D,6989.68,D,5327.54,R,8068.63,D,9528.05,D,5153.39,R,9553.16,R,5653.35,R,6562.26,R,1798.72,R,1548.964504
43690464,R,5095.80,R,5274.45,R,9065.71,D,6981.24,R,8877.36,R,8257.70,D,7901.03
12327032,D,7939.08,D,9290.60,R,6545.86,D,9273.92,R,1424.17,R,4738.07,D,4279.10,R,8120.51,D,695.74
67147443,D,9441.76,D,3482.13,D,2191.26,D,5381.31
65024880,D,9655.21,R,3249.29,D,8610.08
16284504,R,4098.36,D,6097.85,D,3475.39,R,8267.87,D,8247.31,D,7270.35,D,3158.75,R,7291.05,R,9701.11,D,1558.46,R,5984.69
22526721,D,8019.67,D,4127.38,D,4583.75,D,521.73,R,228.16,R,5024.43,R,3949.57,D,6216.73
99875894,D,5739.94,D,366.06
84551541,R,9955.40,D,9796.80,D,700.51,R,704.65,R,7824.80,D,7486.74,R,2840.71,D,2508.83,D,3545.04,D,8836.41,R,1189.30
26423836,R,6527.57,R,1126.30,R,8309.49,D,9074.47,R,6107.81,D,23.43,D,532.88,R,7746.67,D,7737.38,D,8905.13,D,3270.32,R,3226.235685
51114016,R,8777.60,D,6524.67,R,6897.84,D,5366.74
83697223,R,2404.70,R,2366.51
70791371,R,9565.16,D,5861.29,D,8041.15,R,2125.05,D,1308.14,R,4502.78,R,5988.73,R,8188.98,D,2693.12
44947319,R,9097.97
61600917,D,4630.24,D,1094.18,D,5415.48,D,5502.53,R,7936.23,D,2908.85,R,2726.38
13938540,R,9449.63,D,5536.68,R,262.12,R,8924.03
35680934,D,1372.78,R,7305.19,D,9037.93,D,6694.38,D,9647.45,R,2590.82,R,14.60,R,459.28,D,2230.16,R,113.12,D,2370.16
38306665,D,3566.02,D,7824.96
98134665,D,6496.22,R,2977.29,D,5483.59,D,4171.78,R,4941.58,R,82.08,D,6369.23,D,851.45,D,5539.55
45981015,R,7196.17,D,9633.32,D,2813.03,D,9483.96,R,6941.14,D,3135.65,D,225.70,R,9289.83,D,3047.25,R,6993.04,D,1736.79,R,9758.439664
95218861,R,1495.47,R,1965.48,D,8247.53,R,8775.00,R,3548.66,D,1482.89,D,1335.14,R,4116.69,R,9605.57,D,6140.96,R,8701.87
13692437,R,9330.16,D,3184.86,D,3199.92,D,9989.88,D,1712.86,R,4535.56,R,3400.18,R,4586.94,D,3113.61,R,382.57
65801555,D,333.38,D,9285.39,R,5322.91,D,2473.21,R,6636.06,R,7238.93,D,6154.49
57440692,D,8984.25,R,6120.94,R,5180.99,R,9610.33,R,3069.87,R,8896.32
97787424,D,50.73,R,9904.07,D,2598.77,R,3224.38,R,8135.00,D,9397.70,R,2933.33,R,167.60,D,885.24,D,3061.64,D,4106.06
13952162,D,9511.94,R,3726.67,D,959.16,R,9052.09,R,1123.00,D,2179.83
65801555,R,9218.25,R,786.93,R,911.75
84730943,D,6524.30,R,8332.52,D,8049.70,D,4703.60
42257903,R,7569.81,R,6199.62,R,1443.95,R,3413.24
97927102,D,6426.04,D,2907.45
73108616,D,1323.10,D,6040.55,D,4982.05,D,8633.66,D,941.77,R,8147.32,D,6216.02,D,4776.64,R,9383.15,D,3825.21,R,1413.58,D,9030.498722
13952162,R,2257.54,R,6532.44,R,8665.04,R,6118.49,D,4376.70,D,380.80,D,4441.39,D,2616.60,D,2145.13,R,3491.04
72336229,R,3307.43,D,9674.46,R,8072.99
16555031,D,8511.29,D,3974.61,R,8408.30,D,3381.26,D,7320.69
65622753,D,9860.43,D,4772.11,D,5774.31,D,4315.99,D,4519.84,D,3502.54,R,5100.02,R,7283.70
15693414,D,9144.75,D,3544.05,R,6105.72,R,6743.68,D,5037.87,D,4363.67,D,8743.05,D,6681.38,D,3876.94,D,7826.04,R,4901.47
31887552,R,7859.34,D,1225.21,R,4305.84,D,6595.09,D,5087.30
36360333,D,6652.10,R,9176.46,D,7385.78,D,2422.14
13877508,R,2620.51,R,8235.14,R,4360.37,R,191.80,R,2369.03
21652570,D,1017.35,R,5284.66,D,865.45,R,6940.87
61600917,D,7776.90,R,6561.50,D,9032.71,D,4973.22,R,632.64,R,2902.76,R,3523.32,R,2363.27,D,6950.01,D,7695.59,R,5644.94
79760436,R,5592.21,R,5223.12,R,2851.20,R,173.69,R,8866.62,R,1280.94,R,8493.79
37479656,D,1653.78,D,4295.11,R,7180.44,D,8175.42,R,9794.03,D,4294.14,R,2393.43,R,8269.18
85841478,D,5434.96,R,6880.45,D,7155.81,D,8639.17,R,4841.95,R,9.56,R,344.38,R,4967.39,R,7815.60,D,9041.48,D,797.70
95218861,D,3095.32,R,8569.98
22500255,R,2546.76,R,4584.58,D,6091.97,R,4786.64,R,6059.24,R,8830.23,D,6614.53,R,6905.12,R,4684.82,D,4922.77,D,4232.91,D,9307.517777
16611404,R,3338.28,R,5901.95,D,7297.81
20204753,R,9332.32,D,1863.24,R,446.82,R,6412.45,R,9624.83,D,2378.01,D,6557.55,D,6725.60,R,7969.75,D,9877.73,R,7175.69
16284504,R,4315.57,R,9908.31,D,6522.69,R,6033.47,D,7372.78,R,3108.44,R,3567.45,R,3054.49,R,7482.20,R,7814.78
86422100,D,1334.06,D,4961.42,R,7265.66,D,561.01,D,1171.57,D,5704.65,R,7936.25,R,8364.71,D,6380.41,R,1866.40,R,9571.63
96676253,R,9118.82
42821565,R,7739.41,R,374.08,R,1586.38,D,9266.55,R,5420.65
13692437,D,8138.71,D,5902.35,R,8.40,R,7642.74,D,493.28,D,7949.95,D,3083.54,R,7393.61
31658954,D,5226.90,R,3427.92,R,2222.30,D,8665.05,D,6614.97,D,8939.98,R,7767.11,D,1562.83
30928768,R,314.10,D,8996.94,D,858.42,R,7339.59,D,2786.53,D,8696.52,R,8900.20,R,4869.82
38306665,D,7899.32
13584980,R,440.70,R,3099.98
11534267,D,9655.36,R,5033.05,D,2080.44,D,1493.43
27248919,R,9388.13,D,7605.91,R,7161.22,R,3711.84,R,5483.56,D,6504.71
99716914,R,3851.08
42257903,R,6945.91,R,8116.07,D,5391.69,R,6538.05,D,5188.79,D,5878.73,R,5949.23,D,8961.64,R,5277.66,D,1283.10,D,140.89
52986815,R,2042.97,R,4550.41,R,2005.47,R,7412.87,R,3044.04,D,7810.60,R,9312.20,D,6196.47
62623201,D,7014.11,R,620.76,D,5737.55,R,5675.55,D,9727.54,D,3435.55,R,7504.43
16284504,R,1030.49,D,4786.40,R,8356.99,R,259.71,R,4250.66
38306665,D,8142.40,R,6118.86,R,150.72,D,6794.53,R,2314.90,R,3515.00
92403673,D,4766.23,D,9676.82,D,568.44
26423836,R,5427.10,R,5030.66,R,6753.66,R,7867.18,R,6535.55,R,5512.96,R,3723.30,R,6120.09,R,9644.73
30148649,R,9522.20,R,4294.88,R,7518.68,R,5697.94,D,8106.57,R,8763.14,R,4856.43,D,1555.92,D,8695.36
57440692,R,8940.99,D,2661.69,D,966.60
94592537,R,2226.79,D,1496.74
84768917,D,4542.75,R,968.90,D,3818.94,D,1284.38,R,121.02,R,2684.17,R,5034.44,D,9436.81,D,9734.41,D,3108.44,D,3643.34
92635383,R,3663.28,D,3637.14,D,1517.88,D,6067.44,D,3070.86,D,6462.22,D,8956.44,R,110.80,R,2659.32,R,8114.78
44001893,R,9676.47,D,1277.31,D,1686.97,R,1089.18
73949548,D,4541.08,D,5850.23,R,8585.77,D,6786.17,D,2714.08,D,7299.36,R,8878.41,D,22.29
64721096,D,1896.68
39076670,R,7982.79,R,7119.57,D,7788.66,R,5238.20,D,1121.21,R,3393.86,D,1567.65,D,8027.92,D,2802.91,R,9699.05,R,3592.32
62623201,R,2140.14,R,1715.29,D,2924.07,R,8472.31,R,3911.87
96676253,D,6372.69,R,420.01
30928768,D,8027.80,R,531.27,R,5823.49,R,9124.58,R,8424.38,R,4169.09,D,3237.46,D,2637.75,D,5157.91
17650078,R,5397.41,R,3932.68
62555111,R,1446.67,R,5616.10,D,7042.18,D,1034.24,D,4971.68,R,2318.81,R,3808.96
95223615,D,714.97,D,830.75,D,5306.67,R,8374.38
55982990,R,2947.13,R,8818.49,R,5282.57,R,9062.94,D,2016.77,D,4840.18,D,9497.77,D,6677.08
11534267,R,7888.25,D,1603.86
97927102,R,3620.82,R,8514.07,D,1629.09,R,7740.86,R,7838.34,D,2350.01,R,5369.90,D,421.92
98134665,R,1466.04,R,1297.16,D,6536.70,R,9704.48,D,7150.36
71857919,R,7099.48,D,6298.48,D,8156.33,D,5544.84,D,2801.51,D,1615.21
16611404,D,2064.29,D,9028.62,D,974.14,R,9828.52,D,3349.34,R,3741.13,D,4160.33,R,6586.23,D,4425.91,D,3576.64,R,186.92
36388103,R,322.10,D,787.74,R,3272.37,D,1599.30,D,6726.00,D,9461.96,R,5008.90,R,5515.87,R,2387.15,D,7087.57,D,6312.66,R,4824.214476
35867437,R,2692.54,R,9151.63,D,2889.82,D,5512.42,D,8574.34
39814510,R,4801.11,D,5455.97,D,2765.94,D,4839.77
66301232,R,4794.87,R,8945.75,R,8536.26,R,4721.14,D,5855.66,D,8875.93,R,7119.03,R,3731.34
95223615,D,3392.92,D,7732.62,D,538.70,D,5089.54,D,7960.35,R,5310.82,D,8839.49,D,7719.34
91711630,R,933.45,R,4596.02,R,924.67,R,1816.08,R,9016.74,R,8915.84,D,8923.72,D,1954.20
29269915,R,3943.71,R,6739.50,R,4417.91,D,9023.20
86422100,D,5348.32,D,1351.74,D,4065.72
61713280,D,8377.44,R,2706.98,R,9276.62,R,4245.25,R,5051.21,R,9535.47,R,345.33,R,5412.26,R,438.06,D,9387.68,R,2052.05,D,4474.305917
70548973,D,1253.48,R,7473.74,D,1177.89,R,1150.53,D,2393.24,R,1077.00
83697223,R,5961.04,R,8610.12,R,5871.98,R,7604.79,D,7907.93,R,7431.94,R,8124.50,D,9021.65,R,8333.76,D,4225.74,R,7043.63
34890629,D,1819.63,D,8081.02,D,9092.12,D,5675.21,D,1987.74
97569514,D,9470.12,R,1920.82,D,2256.94,D,4550.50,D,5924.33,D,3668.22,R,1783.52,R,9553.30,R,2250.07
38494851,D,30.65,D,3250.16,D,5770.37,R,2898.10,R,4839.98,R,531.81,R,1014.48,R,5765.41,R,4155.23,D,2091.42
65178253,R,2473.72,R,9801.35
45981015,R,499.91,D,7766.32,D,9650.75,R,8767.02,D,929.90,D,1699.76,R,1213.00,D,715.80,R,5476.14,D,9387.73,D,5682.33,D,211.9410525
22500255,R,5788.45,R,4217.20,D,2623.37
78630077,R,5656.60,D,7504.61,D,1243.89,R,1500.39,R,1971.12
95223615,D,340.32,D,2508.24,R,8883.54,R,3013.60,R,7285.83,R,2682.49,D,4425.75,R,8772.37,R,2148.03
84976628,D,2728.67,D,4109.28,D,8702.02,D,8320.27,D,1096.39,R,4979.99,D,9.71,D,8942.45
65622753,D,2533.10,R,2675.73
65024880,R,7759.31,R,6660.75,D,2209.63,D,8594.74
84112257,R,4542.23,D,4592.66,R,6688.64,R,780.34,R,2270.71
15098963,R,3598.69,D,3271.02
73949548,D,2572.64
12972814,D,2123.98,R,6578.28,R,5082.83,D,4736.14,D,8652.24,D,3715.19,R,2265.15,R,9701.56,R,1724.41,R,9069.52,R,5428.83,D,5991.547561
45591837,D,8956.67,D,4727.26,R,9537.70,R,1378.33,R,6630.40,R,6573.33,R,4722.04,D,8251.72,D,9818.98
84730943,D,3860.24,R,2674.19,R,8812.40,D,7078.57,R,7471.21,D,9490.87
86842208,R,3083.86,R,4893.89,D,2325.55,D,9714.43,R,9911.98,D,9330.33,D,1022.19,D,340.55,D,4113.62,D,7113.67,D,548.43
56160173,D,2989.20,R,5623.46,R,9168.08
99428756,R,8473.73,D,936.56
31926896,R,7459.74,D,2946.50,D,9132.88,D,1515.13,D,6663.50,D,2359.18,D,2368.09
53512938,D,9311.64,R,1808.33,R,1456.06,R,8656.62,R,653.98,R,6724.10
34890629,D,3402.24,R,3685.61
31887552,D,3906.44,D,3081.52,D,8851.87,D,9347.45,R,5436.98,R,9079.19,R,2865.37,R,7535.71,R,9292.37,R,6413.60,D,9697.33,R,860.4134478
33156360,R,2737.10,R,1228.62,D,7549.52,R,903.28,R,5795.34
47029008,D,1613.78,D,213.47,R,3821.33
34196435,D,5052.26,D,3694.90,R,1433.05
52986815,R,7456.16,R,8101.58,R,2279.14,R,6032.17,R,3384.87
58848868,D,7558.60,D,3964.78,D,3567.40,D,7688.88,R,3564.90,R,6501.91,D,4143.57,R,5718.61,R,6174.63,R,3900.23,R,1274.07
57440692,R,9124.62,R,1685.54
32521960,D,2699.97,R,9713.10,R,1978.23,R,6247.21,R,3849.79,D,8730.50,R,2604.74
70791371,R,5163.39,R,3085.82,D,418.61,R,6999.50,R,6989.73
40798837,D,3769.78,D,5531.09
20204753,D,6712.05,D,9646.62,R,3323.02
58848868,D,1895.65,D,5077.36,D,1593.49,D,5203.33,R,9791.90,D,7127.77
37479656,D,4242.30,D,9867.08,D,303.87,R,1056.57,R,3396.35,D,8184.44
84524521,D,9041.34,D,2696.56,D,7318.33,R,5399.74,D,1352.95
16284504,D,6898.11,R,345.61,R,2594.51,R,8865.30,D,5196.93,D,5946.22
84551541,R,2412.40,R,785.12,D,1279.53,R,6396.57,D,1637.12
98134665,D,6439.67
30148649,D,1722.00,D,376.68,D,5820.25
99716914,R,5727.69,R,4546.48,D,8532.42,R,4741.68,D,604.89,R,6655.59,D,2777.87,R,550.61,D,5335.83,R,8998.95,D,6770.26,D,3465.9843
13877508,D,4859.66,D,9697.58,R,5015.84,R,5441.78,D,999.88,R,2020.06,R,5537.20
30148649,D,9136.28,D,6689.67,R,8715.09,R,9394.30,D,9324.87,R,7196.86,D,8777.27,D,489.26
84551541,R,1244.47,R,6862.31,R,3919.88,R,5262.66,D,4445.91,D,1763.82,D,9253.45,D,5461.42,R,7691.10,R,1972.37,D,7355.74
51048864,R,1353.84,R,1896.87,R,4378.42,R,7511.35
96676253,D,5122.25,R,9979.18,R,5303.84,D,4731.55,R,3124.78,D,1777.54
35804229,R,6269.10,D,9401.20,R,6746.93,D,6380.67,D,1292.61,D,3846.87,R,4101.55,R,361.51,D,7841.16,R,1391.48
73108616,R,4075.68,R,1633.29,R,7471.89,R,9638.10,D,7611.09,D,8010.72,R,8885.08,R,8727.95,D,8156.70,D,2567.15,D,8400.67,R,44.68439622
99875894,D,8983.96,R,3403.42,D,6137.12,D,6827.80,R,8859.61,D,6406.07
84768917,R,4191.33,D,6664.49
13692437,R,8671.77,D,5482.02,R,3385.72,D,4411.61,D,6578.09,R,8498.47,R,5519.64,R,3314.17,R,7676.44,R,951.90,R,3933.07,R,238.2149045
11649163,D,3109.41,R,714.58,R,2496.29,D,9050.17,D,3512.19
27248919,R,2593.32,R,3404.44
73108616,R,2162.17,D,8532.18,R,5477.81,R,6590.76,R,9788.44,D,9613.91,R,1541.80,R,6944.75,R,8707.48,R,3924.54,R,4159.57
72336229,D,4697.59,D,4946.48,R,4387.79,R,9261.20
62555111,R,6352.04,D,1241.67,R,853.93,D,1988.27,D,4489.01,D,2610.18,D,4875.44,R,2534.46,R,5455.91,R,8917.30,R,1635.81
97200713,D,9671.35,R,4582.92,D,2820.98,D,8584.37,D,2972.12,D,8669.11
25563027,D,3972.51,D,8975.19,D,6346.96,D,1863.61,R,1301.80,D,9384.91,D,2126.90,R,5084.27,D,5166.08
94992107,R,7209.02,D,6425.27,R,9959.70,D,4095.56,D,4708.60,D,8791.54,D,5510.06,D,7283.54,R,1586.74,R,6262.81,D,1324.81
84551541,R,3642.18,D,2158.76,R,2380.42,D,9549.82,R,1066.43,R,320.70,D,7766.47,D,8533.47
85841478,D,2841.25,R,7995.59,D,8455.57,R,2996.13,R,3174.14,D,9858.58,R,1677.67,D,3625.39,R,7433.08,D,4425.69
67449853,R,3703.47,D,3186.15
61614574,R,1459.52,D,6136.34,R,9494.74,R,4293.96,D,8749.27,D,9385.35,D,1442.20,D,1035.39,D,289.29,D,6504.85,R,3770.32
66479064,R,941.09,R,7406.04,D,5119.85,R,7849.96,R,2788.33,R,7085.31,D,7252.74
44001893,R,4525.31,D,6095.42,R,9635.92,R,9854.51,D,7253.58,R,9575.59,D,6644.03,D,24.03,D,4643.82,R,5135.27
55982990,D,5067.16,D,1298.66,D,2683.13
60660536,R,3835.31,R,6084.56,R,8721.58,D,2048.87,D,6484.83
35680934,R,274.71,R,7771.38,R,4468.80
58848868,D,6702.75,R,1180.47,D,7182.03,R,4773.60,R,4053.64,R,4217.95,R,1269.89,D,9615.17,D,9427.98,D,5828.94,D,6116.64,R,6057.033338
78630077,D,2425.86,R,4199.58
45326405,D,2278.06,D,3631.45,R,520.82,R,2488.15,R,4181.43,D,1560.03
22526721,R,5278.10,D,8353.37,R,889.02,R,2056.60,D,969.21,R,694.66,R,7964.70
16611404,R,3524.46,D,3640.79,R,9274.80,R,8663.59,D,5157.16
61600917,D,642.05,D,6166.17,R,9857.68,D,9704.10,R,8922.28,D,3500.17,D,8967.01
96488469,R,4750.42,D,6230.32,R,8975.29,D,9548.43,D,4645.85,D,1166.85
34196435,D,8639.81,R,2312.72,R,5073.51,R,8273.87,D,5214.54,D,6651.63,D,5765.71
84112257,R,2507.78,D,2563.78,D,7130.77,R,4552.31,R,7659.94,R,4870.87,R,3184.39,R,5015.88,R,5230.10,R,3054.73,R,3409.86
83697223,D,2304.22,R,3553.66,D,8214.36,R,2868.29,D,1398.95,R,471.28,D,3325.23,D,3375.60,D,1178.76
13525704,D,6894.61,R,6227.43
40798837,R,71.87,R,2794.39,R,337.28,R,5615.27,D,3279.38,R,8773.58,R,7918.13,R,6328.62
90488389,R,7214.11,R,9161.30,R,2014.18
26423836,D,2857.58,D,8666.93,D,1668.07,D,1742.50,R,6000.12
62610561,R,9977.16,D,2641.05,D,9476.86,R,6068.86,D,1635.57
51048864,R,3488.13
62610561,D,1410.55
73949548,D,9120.74,D,4162.17,D,3421.51,R,2987.72,D,8369.67,R,3410.52,R,7308.66,R,8492.45,R,7888.45
56337059,D,8422.34,D,2199.50,R,1674.17,R,9247.93,R,6987.14,D,1006.09
47029008,R,4840.71,R,835.95,R,2445.46
97200713,D,3947.63,D,6347.46,D,1120.25,R,8225.98,D,3377.90
32951227,D,7566.73,R,8917.37,D,9308.05,R,4924.21,R,8605.09,D,2591.87,D,4404.45,R,3867.07,R,5462.00,D,9719.79
57117057,D,6534.94,D,6307.51,D,3785.13,R,3010.12,D,4386.04,D,7613.96,R,119.84,R,7721.14,D,3922.69,D,7401.87
52986815,R,9017.33,D,150.49,R,332.77,D,7053.96,D,6265.88,R,4543.16,R,8391.84,D,5791.11
32951227,D,5170.01,R,806.81,D,1721.12
70791371,D,5329.02,D,6611.63,D,8425.55,D,2568.05,R,934.69,D,4432.53,R,4838.55,R,9545.38,R,4911.66
94592537,R,4596.50,R,183.88,R,2898.65,D,9808.04,D,1531.04,D,6009.80,R,6805.40
73949548,R,6176.44,D,943.57,R,6989.88,D,438.24
61713280,R,5043.98,D,539.09,D,9424.33,R,6191.95,R,7221.44,D,9357.72,R,9529.39,R,6918.04,D,4491.97
46620334,D,5767.97,D,5390.99,R,3943.68,R,8426.73,R,5484.41,D,5203.73,D,6743.65,R,2346.40,R,4659.25,R,7973.76,D,9473.12,D,1322.501295
97927102,R,7844.02,D,82.13,D,319.59,D,7800.45,R,7253.31,D,5681.25,D,687.50,D,2158.40,R,6925.11
77297222,D,7197.97
89500552,R,3720.07,R,2285.12,D,4782.79,D,3902.04,D,4432.60,R,5200.64,D,8388.96,D,1966.87,D,9054.63,D,4185.34,R,3388.03
27538601,D,7092.76,D,2272.51,R,8966.42,D,3723.57,D,3301.23
16284504,D,4878.03,D,8359.59,D,9401.18,R,2769.46,D,3138.20,D,203.84,R,6432.09,R,6901.49,R,9617.11,R,7768.59,R,1609.42
52441740,R,2388.45,R,5686.58,D,3159.19,D,1264.41,R,5807.86,R,9972.56,R,144.06,D,8871.83,D,8322.62,R,8790.83,R,7211.88
52441740,D,8554.51,R,4834.39,R,6511.32,R,9639.47,R,6654.30,D,2095.37,R,8116.39,D,6435.12,D,9537.56,R,2776.70,R,4030.42
90330776,R,6407.87,R,9535.39
27261776,R,2036.73,D,5288.57,R,1352.61,D,2798.78,R,1826.34,D,7051.91
13938540,R,4121.42,R,2520.27,R,8538.70,D,8408.68,R,5413.65,D,4056.83,D,4961.86,R,531.85
54906546,D,6312.10,D,1676.40,D,2064.51,R,2244.26,D,9394.41,R,357.38,R,9257.56,R,789.61,D,8036.54,D,8768.00
43690464,R,6838.82,D,6006.69,R,9068.37,R,1305.44,R,6422.35,D,3150.35,R,9398.48,D,2362.71,R,8537.96
90488389,D,7599.89
62623201,D,6575.65,D,5029.54,D,4146.14,R,3886.45
62610561,D,6824.75,R,199.05,R,8977.68,D,1373.01,R,2637.71,R,4704.40,R,7995.15,D,2258.92,R,6122.84,R,7412.38
70819516,R,4483.22,D,4921.96,D,2449.68,R,4738.89,D,5319.36,R,759.12,D,9347.13,D,6012.36,R,6859.69
27248919,R,8073.90,R,1667.69
67246814,D,4071.43,D,32.67,D,7636.00,R,6376.98,R,355.60,D,1633.77,D,3647.68,R,5381.93
56337059,R,304.97,R,3167.33,R,9954.82,D,851.01
90488389,R,4869.59,R,3487.57,D,640.81,D,891.06,D,7327.30,R,5612.28,R,3345.26,D,9682.67,D,2633.79
57117057,R,256.94,D,2893.92,R,5878.07
50207012,R,145.92,D,1855.42,D,2236.54,D,7146.17,R,9801.52
65921718,R,6778.15,D,3011.69,D,3042.40,R,2592.34,D,7458.76,D,9084.10,R,4852.19,D,2474.28,D,5960.45
32951227,D,2194.91
37479656,R,3292.10,R,7188.71,R,1712.29,R,1406.47,R,1536.03,R,2815.57,R,8598.60,D,624.28,R,2184.34,D,8291.94
34196435,R,8001.38,R,1551.68,R,9598.75,D,6675.73,R,1855.34,D,274.99,R,7326.08,R,7116.95,R,1777.46,R,4344.15,D,5425.74,D,8211.643612
35680934,D,8215.34
86422100,D,8137.95,R,2842.63,D,4476.65,R,5750.14,D,6054.46
32951227,R,6968.21,R,8425.12,D,6703.94,D,7028.18,D,1916.98
60660536,D,4280.66,D,1444.17,R,6647.52,R,3413.16,R,7551.74,D,8048.81,D,571.47
85841478,D,6417.56,R,3962.50,R,6783.12,D,9300.65
61600917,R,1048.14,R,1909.29,D,6581.77,D,9914.65
46054418,R,4973.49,R,8994.41,D,2465.31
85841478,R,1794.11,D,3474.15
35804229,D,9406.70,R,6023.36,D,1553.68,D,2770.12,R,6380.85,R,186.48,D,8521.53,D,3372.08,R,2253.33,D,9290.15
58848868,R,8451.94,D,769.61,D,1913.40
91711630,R,9929.60,D,9649.90,R,9053.37,R,8537.85,R,7083.16,D,6881.81,R,5585.18,R,267.33,D,5796.11,D,3950.26,R,5590.28
65178253,R,8525.62
94137329,R,5422.05,D,5728.36,D,6147.08,R,4076.62,R,8897.88,D,5454.17,R,867.46,R,8329.67,D,63.77,D,7748.69,D,3888.28
64717056,D,1014.08
45981015,R,1310.62,R,2194.85,R,5288.26,R,9560.35
86842208,R,195.96,D,8364.68,D,6469.95
96488469,D,6913.97,R,6125.48,D,122.92,R,9455.58,R,7647.05,D,6053.90,R,8133.03,D,1893.83,R,3881.67,R,9273.66,D,5761.81
74470709,R,3309.78,R,2971.37,D,4266.83,R,7697.61,D,8404.06,D,6816.33,R,4938.55
54906546,D,5301.93,R,516.74,R,8422.65,D,4678.86,D,3992.12,D,7430.15,D,1738.70,D,3071.55,D,1127.73,D,9087.21,R,680.48,D,4604.931705
16555031,D,692.45,D,7464.24,R,3690.19
89500552,R,4674.47,R,8596.73,R,3831.38,D,7649.79,R,5742.86
85841478,R,2512.54,D,2019.25,D,2454.61,R,9056.44,D,3530.10,D,1473.50,R,2679.49,R,8721.00,R,6295.02,D,2268.96,R,4846.64,R,8714.102026
13692437,D,6281.77,R,8316.34,R,570.59
16284504,D,9539.76
43690464,D,1803.39,R,7912.08,R,692.66,D,1944.72,D,1079.32,R,7779.39,D,8937.19,R,5561.32,R,6070.59,R,3113.27,D,1328.56
39076670,D,3597.60,D,3836.22,D,3765.96,D,6458.07,R,9202.65,R,5969.53,R,7845.06
37479656,R,1959.00,D,9733.03,D,7787.88,R,8692.61,D,518.50
36360333,D,4436.57,R,666.05,R,9754.30,R,866.44,D,6900.82
87581536,D,4399.58,R,6290.62
85980631,R,4304.97,R,4173.50,R,1136.89,R,1543.75,D,8519.61,D,2847.51,R,3116.83,R,5550.10,D,3397.40,R,2323.93
30740273,R,2874.72,R,3998.83,R,2818.95,R,5821.50,R,6423.63,D,9128.00,D,6982.89,D,5738.42
45981015,D,7657.80,R,5057.54,R,4860.00,R,312.05,R,3102.42,R,7522.80,R,3297.20,R,742.87,D,2004.80,R,1248.77,D,4313.49
67449853,D,6382.29,D,2882.32,R,220.62,D,2694.37,R,2614.01,R,384.64,D,3079.05,R,9002.93,R,1761.09,D,3035.05,D,8095.13,D,5198.52401
99875894,R,3315.10,R,8236.33,R,9760.36,R,1420.85,D,5204.48,R,3640.95
69517270,R,2078.87,R,807.46,R,930.45,R,2264.96,R,5264.30
94992107,D,3289.23,D,1146.68
65622753,R,134.04,R,1555.20,R,8493.64,D,6016.85,D,195.85
34196435,D,2813.66,R,9301.15,R,4228.62,R,483.97,R,8307.70,D,5300.03,R,5237.37,R,3064.62,R,3483.07,R,8550.75,D,2212.29,D,6451.586681
35470729,R,5208.27,R,2821.77,D,7450.59,R,6769.24,R,1803.99
11649163,D,1934.32,D,547.66,D,9337.53,D,8120.49,D,3908.22,D,4257.99,R,1706.96,R,2101.76,D,3437.55,D,1028.18,D,121.14,R,5112.851708
70548973,R,247.21,D,3604.31,D,8003.49,R,2258.40,D,4450.75,R,7256.18,R,5360.16
94137329,D,1300.39,R,5351.62
97787424,R,5855.20,R,6107.48,D,7324.93,R,1249.03,R,9854.37,D,1468.71,D,3297.47,R,7821.82,D,1982.00,R,6102.73,R,9365.87,R,7498.393543
40900097,D,5647.76,D,4865.58,D,8186.99,R,85.29,R,5947.46,R,5597.42,D,6815.97,R,2129.59,R,3642.92,D,1805.78,R,8974.17
65801555,D,7620.28,R,4294.35,R,524.19,R,3021.52,R,6155.34,R,6040.42,R,4973.71
56337059,R,4331.31,D,1536.37
69500081,D,5877.27,R,56.56,R,7073.18
88686445,R,3118.70,R,8009.56,D,8173.47,D,8552.71,D,1589.47,R,5763.70,R,1395.66,R,5113.46,D,5584.93,D,5963.03,D,7867.19,R,7839.004011
15098963,R,6150.19
98134665,D,9967.24,R,6536.13,D,3098.82,R,8463.37,D,8434.68
92403673,D,7570.92,R,3054.74,R,2380.83,R,2812.65,R,6848.64,R,3020.39,R,5467.96,R,3540.59
73108616,D,2687.72,R,9463.83,D,6597.87,D,2536.12,R,5113.56,R,3196.58,D,8592.34,R,7200.04,R,6508.61,R,7522.18,D,9586.05,R,5608.770656
21652570,R,804.18,D,8558.18,D,4842.19,R,2973.45,R,6537.85,D,2059.58,D,1473.99,D,5404.72,D,471.97,R,7856.06,R,9443.11,D,9080.653283
52441740,D,3623.81,D,7314.11,R,4868.98,R,4968.10,R,4267.14,R,6420.69,R,715.93,D,721.25,D,9415.44,D,9532.42
35867437,R,3694.76,R,6527.37,D,8743.72,R,3147.47,R,3477.27,R,3149.95
86085536,D,6394.14,R,7947.37,D,9138.07,R,459.34,D,469.85,D,5932.31,D,7100.91,D,2867.01,D,6058.40
89722061,R,5361.39
30148649,R,4641.69,D,477.11,D,4025.92,D,8337.38,R,5688.27,R,2813.71,R,5666.35,R,2701.96,D,4753.67,D,5622.51,D,3648.12
54906546,R,3931.37,R,7794.55,R,9061.03,R,9956.66,D,7162.59,D,8742.95,D,3387.25,R,512.19,D,8552.26,R,9038.58,D,4708.79,D,2696.152351
43690464,D,4775.14,D,9224.19,D,2065.10,R,23.19,D,9931.51,R,6664.38
58867781,R,5587.48,R,560.93,D,2265.53,D,9099.45,D,4589.90,D,2316.04,D,4833.11,D,4792.58,D,3191.36,R,1324.41,D,7709.26,R,2539.919255
89722061,R,7475.49,D,8653.73,R,7842.35,R,7929.24,D,1327.32,D,1180.13,R,9573.13,R,3710.41,D,1786.99,D,4543.94,R,3658.55
27538601,R,6327.57,R,2306.93
65024880,D,2820.62,D,7167.20
65178253,D,1715.45,D,329.05,D,903.26,R,9033.87,R,6484.35,D,3681.94,D,5338.56,R,6377.24
78630077,D,5479.46,R,2060.18,D,1806.13,D,3177.41,D,4427.77,R,1588.75,D,9453.94,D,9774.04,D,3495.78,D,9512.77
39076670,D,4098.96,R,6564.95,D,137.39,R,4480.65
37372844,R,6968.08,D,8307.32,D,9351.31,D,359.43,D,7933.28,D,1296.10,R,8879.85,R,5779.34,D,2486.39
40714253,R,7026.90,D,3231.78
86422100,D,8445.13,D,5134.45,D,5461.87,D,6546.71,R,6134.46,D,2700.54,R,5350.99,D,5116.47,R,5385.34,R,6859.14,D,8069.53,D,2931.490157
45981015,R,8782.80,R,5333.63,D,7999.26,D,8954.44,D,519.57,D,6523.89
44947319,R,1724.12,D,7685.06,D,4361.81,R,9105.55,R,1496.57,D,7645.20,R,5501.42
47029008,D,1743.36,R,291.90,R,4978.22,D,1400.37,R,8594.09,D,6368.37,R,1664.95
36360333,D,1857.11,R,2691.26,D,4089.61,D,3463.30,R,3150.54,R,2841.13,R,3.10,D,8997.54
35680934,D,4410.58,R,3423.65,D,1319.46,D,2486.39,D,6845.51,R,3544.77,R,7872.27,D,2851.10,R,1016.23,R,3020.10,R,503.75,R,2949.70768
84551923,D,1879.82,D,5958.21,R,4922.40
16294514,R,1429.40,R,8787.55,R,9985.93,R,6969.57
56337059,R,6696.97,R,7821.25,D,3573.43,D,9759.71,D,4873.21,D,6188.22,R,5788.82,D,2153.43,R,5453.51
98619365,R,5012.25,R,1387.92,D,6483.81,R,4542.67,D,6579.72,D,7962.24,D,9906.29,D,5525.86,D,1796.06,D,8516.57,D,8246.80,R,6118.663784
70791371,D,8390.48
20204753,R,8625.80,R,2972.19,R,6213.78,R,6393.09,D,9538.58
31887552,R,4610.65,R,8558.26
65622753,R,4892.03,D,1264.31,R,2966.21,R,6810.14,R,3722.06,D,4449.16,R,8483.68,D,9903.65
63624167,R,9129.00,D,5814.88,R,2290.92,D,4111.11,R,6430.47,R,8228.26,D,9912.31,D,5564.22,D,6591.07,D,7980.67,D,3219.60
87581536,R,3113.21
89500552,D,4138.89,R,5267.75,D,7907.93,D,4585.40,D,9312.25,D,6844.37,D,1400.63,R,6611.72,R,687.73,R,2280.05,D,7450.73
94592537,R,3297.55,D,6838.90,D,9466.77,R,712.65,R,6255.17
68913742,D,2459.21,R,6142.46,D,1802.26,D,9535.72,R,7899.85,D,2366.77
16611404,R,253.26,D,3661.65,D,4063.83,R,2017.41,D,396.15,R,5534.41,D,8006.77,R,6107.12
62623201,D,8813.35,D,3312.15,R,9470.05
86422100,D,4268.23,D,4774.23,D,4172.07
65801555,R,6528.82
97927102,R,7210.56,R,8606.75,R,8200.41,R,4344.25,R,614.43,D,617.25,R,5471.49,D,1100.37,R,6973.91
77297222,D,8264.77,D,6024.70,D,5726.72,D,3857.21,R,9794.73,R,5294.86,R,4403.95,D,4549.23
62623201,D,6839.43,D,1082.87,D,4475.98,R,9102.06,R,9582.80,R,5098.17,R,4970.79,D,7699.55
85841478,R,9588.85,R,35.43,D,2429.30,D,2304.42,R,2605.05,R,8370.48,R,3985.83,R,9511.38,R,2233.07,D,9749.62,R,8185.72
86422100,R,3770.96,R,6089.66,R,3340.05,R,2623.65
16284504,R,1598.13,D,2702.58,R,6121.98,D,6942.50,D,1333.67
25563027,D,7283.88,D,6219.88,R,1199.57,R,3849.13,R,8910.58,R,7530.16,R,9048.47,D,7047.81,R,8428.00,R,2807.25
40900097,R,552.10,D,1321.43,R,3608.85
52441740,D,829.86,R,1952.22,R,965.27,R,8661.96,R,9527.28
84976628,D,5596.91,R,4276.55,D,6923.55
98134665,R,7234.85,D,5500.14,D,8808.75,D,1294.40,D,3294.61
46054418,D,3102.63,D,3319.99,R,3198.84,D,171.23
99710031,R,6862.08,R,2910.55,D,8184.48,D,9094.63,D,9516.03,R,46.49,R,4480.88,D,2603.97,D,9123.87,R,8973.43
73108616,R,964.77,D,9147.64,D,4272.14,R,3515.24
96676253,R,8936.19,D,3215.73,D,4594.99,R,8397.89,D,5905.00,R,5493.07,D,7416.54,D,9882.29
76573574,D,161.56,D,3731.66,R,5969.89,R,7303.68,D,8051.67,D,2613.39,R,2715.90,R,3497.66,D,6960.18,R,4986.46,D,642.71,R,9084.411732
54906546,R,5766.32,D,3693.22,D,5756.61,R,1712.96,R,9629.91,R,6887.47,R,5092.16,D,2978.28,D,4031.19
56337059,D,1295.57,D,7387.57,D,7546.70,R,7815.29,R,6593.76,D,2426.24,R,3224.14,R,1556.45,D,1393.50,R,818.28,D,8472.72
66479064,R,3057.75,D,738.93,R,2826.09,D,9145.88,D,7101.90,R,9537.20,R,1316.57,R,4351.19,R,8416.83,R,5097.43
16284504,D,5014.84,D,2376.79,R,5565.64,D,8229.50
56160173,D,2085.18
13877508,D,6528.82
54906546,R,2313.65,R,6868.02,D,8708.98,D,4449.50,D,328.10
40714253,R,6497.75,R,2104.14,D,5516.84,D,4599.42,R,7727.38,D,8184.61,D,2045.90,R,2905.45,D,4131.96,R,134.02,D,3759.60,D,2977.297746
88686445,D,4715.27
13952162,D,5835.13,R,2759.24,D,9839.79,D,7127.91,R,8712.94,R,9883.08,D,4779.04,D,4622.40
57440692,D,7075.19,D,8541.17,R,7304.47,D,8474.94,R,6793.41,D,904.14,R,5024.10,R,816.42,D,2354.95,R,2139.12,R,4460.79,R,852.0336761
27538601,R,7652.66,D,4623.52,D,7559.38,R,5785.97,R,2491.06,D,3855.40,D,7158.36,R,312.33,R,9236.10,D,9590.67
66301232,R,6546.60,D,6418.14,D,7870.06,D,3701.10,D,1348.58,R,4333.18,R,7992.48
84768917,D,4083.41,D,687.19,R,5711.73,R,2292.96
86085536,D,3793.12,R,7369.44,R,4085.63,D,9195.86,R,5026.49,R,3744.35,D,785.55
58867781,D,5703.55
58848868,D,8601.80,R,758.18,D,9401.81
73662860,R,6003.39,R,6918.95
84976628,D,5653.78,D,8391.65,D,2568.90,R,8448.83,D,8425.52
58867781,D,1277.57,D,2427.07,D,9438.98,D,1118.03
77614054,D,1063.20,D,750.65,R,134.82,D,4394.41,R,5268.91,R,7945.97
11534267,D,3752.55,R,5111.75,R,1458.41,R,5735.76
79760436,R,2102.34
99716914,D,5682.15,R,5557.14,D,2790.16,R,3011.12,R,8702.30,R,8489.76
51114016,D,1517.00,D,7884.45,D,3401.64,R,3226.78,D,8246.08
27538601,D,1176.13,D,3878.83,D,9497.29,D,4558.71
22986970,R,7306.68,R,5732.98,D,3546.76,R,2546.69,R,2368.77,D,4446.59
33156360,R,9656.28
86422100,R,1344.08,D,9490.10,R,491.87,R,2046.68,D,2823.58,R,2497.23,R,6134.19
95223615,R,4904.86,R,2611.04
92635383,R,7933.07,D,9564.91,D,1145.79,R,4689.30,D,1693.31,R,7637.94
70548973,D,4566.33,D,210.73,D,9576.71
51048864,D,184.20,D,4791.22,D,3970.09,R,6384.51
15693414,D,9619.86,R,8207.60
13525704,D,3528.96,R,3199.92,R,4527.90,R,682.00,R,6946.29,D,3821.27,R,5351.08,D,7408.58
97927102,R,2297.52,D,5277.67
38306665,R,8224.43,D,4695.04,R,6828.13
58867781,D,5811.32
19556486,D,8000.13,R,3853.68,R,4185.59,R,8015.02,R,7409.95,R,6738.34,D,5331.08,R,749.14,D,993.91,R,6919.57
42821565,R,2305.05,D,4159.99,R,3178.92,R,9922.83,R,147.76
32951227,R,856.06,R,400.10,R,4096.49,D,9598.70,D,470.50,D,2498.00
49348223,D,3954.46,D,6946.10,R,8010.83,D,5725.11,D,6875.84,R,847.97,D,8457.87
90330776,R,4067.48
32521960,R,7269.44,R,609.60,D,6559.61,D,5501.27,R,9363.21
54164909,R,6783.39,R,1247.18,D,3200.62,R,7871.73,R,3013.15,R,5473.07,D,1779.41,R,8670.46,R,7640.78,D,6171.05,R,8548.78,R,6052.756522
73662860,D,3969.45,D,5124.96,R,862.59,D,6619.35
99863930,R,6569.62,D,6359.68,D,8422.77,D,9825.05,D,4368.80,D,4701.61,R,7883.31,R,4418.47,D,16.26
38377070,R,4730.05,R,8642.27,R,2932.61,R,1339.19,D,5191.16,D,6937.78,R,9996.07,R,9220.45
20204753,R,3715.86,R,9580.13,D,8106.41,R,455.55,D,1710.80,R,9348.35,R,1196.99,R,2190.56,R,7383.17,R,7130.91,D,8258.46
55982990,D,7188.33
12972814,R,2643.11
92635383,D,5926.69,D,7837.62,D,8735.52,R,6118.02,D,1986.26,D,786.77
77158421,D,2486.30,R,6166.15,D,7315.57,R,6037.95,R,5838.29,D,4863.01
96676253,D,2901.90,D,7980.88,R,4644.27,D,1595.17
49348223,D,1103.49,R,8913.49,R,3637.00,D,5002.88,D,3239.02,R,2996.87,R,6638.84,R,1178.48,R,3984.15,D,4034.07,D,2771.81
94592537,D,4310.79,D,5080.32,D,9867.95,D,7883.02,D,7257.64,R,7442.99,R,9698.91,R,5310.90,R,8123.49,R,1053.70,R,5795.00
71612808,R,8139.96,R,5936.51,D,5923.34
39076670,D,1555.17,R,3387.58,D,4183.49,D,2897.92,R,6479.45,D,9821.51,R,6424.75
23089055,R,8712.44,D,3462.72,R,3119.32,R,9458.51,R,567.97,R,8789.05,D,7817.48,D,3469.04,D,9009.31,D,5413.15,R,4259.19
65921718,D,6118.07,R,688.26,D,3625.98,D,5007.01,D,6471.26,R,6578.72,D,1430.50
76573574,R,9675.69,D,372.56,D,845.87,R,2283.38,R,798.86,D,7063.78,D,1663.05,D,7977.58,R,9727.58
73662860,R,4272.77,R,5988.98,D,4052.87,R,3973.39,D,2206.17
52986815,D,2960.24,R,1779.89,R,3430.18,D,9017.66,D,5372.72,D,246.25,R,6022.02,D,5928.75,D,6110.52,D,1407.79,D,7736.00
45591837,D,7146.45,R,576.65,D,1283.89,R,8319.82,D,5921.23,R,9072.37,D,8970.94
46620334,R,3132.85,D,8593.37,D,2831.21
70819516,D,1940.93,D,622.18,R,9449.81,R,9976.57,D,7875.76,R,3022.37
44947319,R,5297.96,R,1491.21,R,3121.71,R,849.21,R,6384.83
98619365,D,5689.60,D,1899.85,R,715.13,R,5828.71,D,8126.45,R,9816.52,D,9815.93,D,607.42
84976628,R,1049.95,D,4387.52,R,2835.47,D,7883.03,D,5314.58,R,2699.48,D,322.12,R,5491.85
60660536,R,6184.17,R,6106.04,R,9952.30,D,2325.73
35470729,D,854.92,R,3804.14,R,5523.19
36360333,R,7613.12,D,9538.89,R,7217.96
84768917,D,2534.49,R,9032.29,R,4383.60,R,7583.27,R,8692.16,D,2015.50
97787424,R,6130.37,D,5991.38,D,7244.00,D,8102.80,D,4676.48,R,2019.38
99875894,R,459.87,R,9748.42,R,2298.85,D,7061.62,D,9115.81,D,1637.88,D,9309.27
79760436,D,4392.33
22526721,R,6747.80,R,4056.39,D,2525.16,R,3034.93,R,7408.44,D,779.14,R,9755.11,R,6806.82,R,790.28,D,7619.91,D,7617.11,D,8767.040676
77297222,D,9952.75,D,3627.51,R,9552.30,D,1326.23,R,7421.22,D,6.96,D,2649.89
95218861,R,6424.90,D,320.84,R,2166.20,R,3081.77,D,2225.76,R,5588.61,D,7286.18,R,6372.80,D,5483.50,D,6823.18
97200713,R,1829.97,D,5430.08,D,6800.33,R,8815.66
94592537,D,4846.54,R,7462.49,D,3071.51,D,7428.62,R,5896.90,R,6609.03
11534267,R,5127.21,R,5335.36,R,7685.41,R,5275.48,D,3299.33
64721096,D,1780.76,R,5932.44,D,8999.24
42257903,R,5595.33,D,6110.10,R,2993.12,R,49.16,D,4180.46,D,5671.48
31926896,R,7052.09,R,5227.12,R,4900.44,R,6354.22,D,641.37,D,28.07,D,1583.67,D,4681.80,R,1435.26
97927102,R,8575.43,R,9406.76,R,4246.27,D,5296.34,R,6731.79,D,4499.95,D,5597.22,R,3554.87,R,2564.71,R,1778.31,R,6941.99
22500255,D,9450.98,D,4045.28,R,2530.40
75343770,R,4803.55
84551923,D,6072.49,R,1690.48,R,3408.02,D,2986.91,D,9508.14,D,9510.93,D,236.29,D,4088.16,D,2572.07
23089055,R,323.46,D,6093.93,D,4680.47,D,4477.74,D,1738.25,R,1133.12,R,8720.95
62623201,D,3496.81
68913742,R,1353.22,R,8868.35,D,1298.43
37372844,D,2271.21,R,8111.64,D,2662.36
39814510,R,5863.20,D,5902.79
77158421,R,1068.35,D,8488.91,D,2773.79,D,1838.13
57440692,D,3863.68,D,8575.72,D,9277.31,D,9707.41
85980631,D,4428.38,R,4907.20,D,369.30,D,1431.07,R,8074.09,D,4010.52
31621787,R,9228.29,D,577.52,R,6163.03,R,478.31,R,7927.75,R,8402.60,D,1690.94,D,6654.59,R,6939.97,R,824.79
61600917,R,9786.97,R,3385.10,D,5943.27,R,3131.56,D,9923.10,D,9004.09,D,1448.25,R,5930.03,D,8770.01,D,5424.68
37479656,R,7369.99,D,7546.21,R,2955.63,R,910.32,R,7626.37,R,1215.35,R,6202.58,D,4835.49,R,4601.23,D,5655.59,R,2707.25
58867781,R,7689.02,D,6655.69,R,1564.98,D,7771.36,D,7647.43,D,3234.18
52441740,D,8797.76,R,183.27,R,9244.49,D,3032.18
31621787,D,6400.11,R,7960.47,D,1917.09,R,3336.30,R,958.80,D,6567.81,D,9139.31,D,6145.89
73949548,R,5007.55,D,8188.29,D,737.07,R,6302.66,D,8853.47,R,2572.71
30928768,R,6443.07,D,2939.74,D,3725.88,R,1485.86,D,5014.75,R,7120.97,R,4912.75,D,3276.43,R,9369.16
84768917,D,4875.51,D,31.81,D,1122.71,D,4645.22
26423836,R,3254.95,R,3274.77,D,510.23,D,9552.09,R,9599.53,R,8562.40,D,4680.38,R,725.34
15098963,D,1268.59,R,567.58,R,4859.15,R,8094.81,R,2553.14
77297222,D,6540.31,R,3809.30,R,3031.50,D,4532.52,R,654.51,R,9892.70,R,9871.38,D,3893.36,R,7310.27,R,5695.06
84976628,R,9046.65,R,3949.62,D,9584.05,D,8972.78,D,5763.11,R,6357.74,R,4234.82
77528504,R,3161.12,D,6940.41,D,6435.87,D,1686.23,D,1459.56,D,8681.83,R,2825.75
66479064,R,320.53,D,2637.31,R,1726.05,D,7804.65,D,6406.74,D,7337.36,R,578.72,R,3216.86,R,5489.19,D,3155.17
84551541,R,6219.17,R,6519.10,R,4922.81,R,616.76,R,3508.91,D,709.10
99716914,R,221.50,R,9508.72,R,479.80,D,5721.49,R,7520.40,R,5055.63,D,8044.95,R,3287.33,D,794.26,R,5634.89,D,8592.71,R,5736.398104
56160173,R,7411.91,R,8197.52,R,4228.82,R,8858.47,R,57.34,R,3111.99,D,4113.34,D,6924.51,D,5407.92,R,3416.88
54906546,R,1927.14,R,7221.37,D,2541.10,D,3355.07,D,3445.08,D,269.40
54906546,D,5284.69,D,9178.45
70548973,D,1838.56,R,2240.02,R,7630.47,D,61.30,D,649.76,R,2794.02
68913742,R,2229.56
34196435,D,8651.15,D,1471.85,R,9207.70,D,4390.66,D,5450.90,D,6791.87,R,7781.74,R,7282.78,D,160.97,R,7691.22
13938540,D,970.59,D,8953.46,D,7183.73
73108616,R,6507.01,R,8809.84,R,9531.90,R,1784.98
49348223,D,9778.18,R,7435.36,R,2214.39,D,4065.90,D,4649.44,D,1136.74
46620334,D,8462.42,R,4249.41,D,9754.83
16294514,D,5475.50,R,5300.59,D,6424.17,D,9208.82,D,3626.55,D,7146.85,D,7400.36,R,9561.19
55982990,R,5208.07,D,4401.13,R,6333.05,D,2328.46,R,5026.90,D,4758.58
73949548,R,9183.23,D,4356.88,R,1188.20,D,5547.00,R,2700.81,R,9627.54,R,3968.95,R,5582.26,D,2516.82,R,1316.15,D,6504.19
99710031,D,3191.82,R,7169.55,R,2240.71,R,7593.61,D,8602.59
57440692,D,2539.41,D,3852.19,D,8335.04,D,1255.34
97927102,D,6544.63,R,6464.60,R,1933.23,D,1291.25,D,8.27,R,9258.85,R,4467.50
39076670,D,6437.24,R,3125.03
54150869,D,783.52,D,6543.40,R,9697.31,R,9043.73,D,1099.77,D,8193.92,D,700.03,D,8491.66,R,3136.81,D,3638.99,D,8517.40,D,5830.220783
55982990,D,3222.08,R,56.06,D,7108.21,R,4270.74,D,4820.30,D,1411.53,D,7154.71,D,999.68,R,8842.48,R,1066.17
38306665,R,9739.23,D,7743.21,R,4671.96,R,7357.45,R,3898.94,D,3250.90,R,3198.84
69936442,R,1374.83,D,7231.76,R,8554.44,D,5512.25,R,929.11,R,6309.72,R,9306.45
56337059,R,1799.84
90330776,D,6042.17,R,5010.08,D,7067.04,R,9859.08
39814510,D,4138.31,D,7501.14,D,3941.16,R,3808.98,D,8656.03
69936442,D,498.05,R,4074.23,R,7543.18
66479064,R,4626.82,R,8509.29,R,8490.51,R,2145.46,R,5076.60,R,5033.05,D,7501.10,R,6901.26,R,2625.82,R,6922.67
36388103,R,1590.50,R,6387.69,R,3419.29,R,452.83
77614054,D,2164.30,R,253.83,D,5297.13,R,1253.44,D,8752.08,D,6941.48,R,6551.11,D,4178.63,D,5566.56,R,5572.18,D,66.84
12327032,D,9241.07,R,5640.91,D,1676.45,R,7756.00
74188136,D,7163.78,R,4389.26,D,7465.59,R,1084.28,R,7304.66,R,6011.27
72804749,R,4394.75,R,5155.84,R,5718.54,D,5319.24,D,7115.96,D,4338.22,R,9702.40,R,643.30
73662860,D,1327.08
58867781,D,5292.74,R,8632.88,R,8554.83,R,1032.09
13525704,R,766.65,D,5896.30,D,9782.15,D,2419.14,D,5058.17,R,672.46,
29269915,D,4659.09,D,7602.89,D,508.81,D,8841.94
33535194,D,462.83,D,6190.47,D,1516.06,R,433.65,R,3505.87,R,8955.56,D,4392.18,R,8573.57,D,5267.71,R,7922.04,D,5011.68,D,2129.475637
40798837,D,3956.71,D,816.04,R,4201.78,R,9093.99,D,495.12
50207012,D,2892.03,D,7478.01,R,4297.44,D,4667.56,D,2651.72
31658954,D,2840.89,D,2198.30,D,6095.85,R,5424.93
89722061,D,3065.83,R,3122.52,R,4384.57,R,6949.00,R,3883.67
65178253,R,2841.08,D,8165.90,R,6587.33,D,9961.30,D,1058.35
36360333,D,5439.35,R,673.19
54164909,D,9819.91,R,4325.95,R,2346.13,R,7950.90,D,8470.47,D,6908.50
32521960,D,2811.31,D,6366.13,D,5998.60,D,4556.22,D,8388.15,D,1294.99,R,6068.63
30928768,R,3290.28,D,6533.57,R,1173.74,R,9299.78,D,7334.42,R,3196.72
37372844,D,1828.44,D,7912.80,R,9978.31,D,4700.49
19556486,R,8306.76,R,3379.92,R,9566.96,R,7437.40,D,1792.91,D,3701.46,D,133.01,R,4976.88,D,6032.76,D,157.03,D,21.74
35680934,D,5737.96,D,414.08,R,9253.20,D,8957.79,D,9820.10,R,568.80
31621787,R,4348.04,D,3294.03,R,9436.72,D,8146.06,D,5773.78,R,7554.36
17650078,D,6836.61,R,8631.59,D,8323.67,D,8150.87,D,9201.68,R,7380.11,D,7585.56,R,7731.36,R,2643.01,D,8330.82,R,5885.19,D,468.759052
72804749,D,5819.27,D,5933.92,R,6890.23,D,946.59,D,5600.53,D,1887.24,D,2321.19,R,6373.02,D,1242.95,R,9260.32,R,5331.00,D,3951.145233
29269915,R,7133.84,R,2212.53,D,634.61,R,1323.48
91520713,R,8796.84,D,3864.07
13584980,D,8668.32,D,6812.36,R,5648.59,D,5.45,D,8052.72,R,1427.85,R,7950.43
66245861,D,5531.66,R,4706.37,D,2018.30,R,1625.75,R,9685.65,D,615.26,D,1927.32,D,7513.17
30740273,D,3759.54,R,511.14,D,6089.88,R,4056.91
13584980,D,4503.26
99428756,R,2418.52,D,1607.84,D,79.63,R,6340.73,R,7075.92,D,5419.30,R,557.68,D,1675.21,D,2235.11,D,7984.29,D,8398.89,D,8099.240444
92403673,D,2876.86,D,7604.70,D,5023.39,D,716.39,D,9938.72,R,8111.47
76573574,R,6890.88,R,8519.46,R,2390.32
61600917,D,9666.66,D,4635.61,D,290.30,D,8149.53,D,2547.32,R,9074.95,R,9493.59,D,2078.59
29269915,D,8069.91,R,881.76,R,3172.86,R,4503.59,R,2212.80,R,7063.69,D,866.40,D,300.19,R,1194.42,R,8807.34,D,2775.79
86422100,R,2038.24,R,9888.65,R,4257.04,D,5816.26,D,6270.99,R,7251.35
27261776,R,5065.14,R,8564.67,D,2138.33,R,1804.17,R,3118.00,D,7920.71,D,4369.48,D,7956.98,D,1745.54,R,1468.77,R,4390.78,R,9648.688295
71857919,D,5507.81,D,3992.90,D,3931.05,D,8853.02,R,9600.19,R,9832.64,R,8704.82,R,4079.96
31926896,R,1111.87,D,6394.76,R,1386.45,D,3152.03,D,5129.61,D,4856.60,D,6481.97,D,9092.42,R,7240.52,D,5461.95
30740273,D,1354.98,R,6280.16,D,2293.17,R,6077.50,D,514.46,D,6223.79,D,389.85,D,5585.03,R,9476.52,R,570.63,R,7034.66
67246814,R,2973.87,D,6973.66,D,3162.08
84112257,R,4933.60,R,4486.96,R,9710.20,R,6342.11,D,9714.28,D,8345.14,R,2894.88,D,9422.45,D,4438.59,D,3540.62
43055410,D,7373.74,R,6204.03,D,8673.42,D,5450.29,R,7029.63,R,818.17,D,9499.13
99710031,D,5566.30,R,4309.97,R,6527.10,D,5050.20,D,9440.84,R,6152.81,D,81.90,D,7297.30,R,9447.79,R,198.14
40798837,D,3801.82,R,5353.50,R,5583.69,D,1387.46,D,9272.93,D,2453.24,R,9472.94,D,4766.56
76573574,D,3416.81,R,2753.72
37479656,R,9751.26,R,381.26,R,4096.55,R,2961.70,D,7019.04
16555031,D,754.60,D,1388.17,R,4210.74,D,9950.27,D,5693.73,R,5566.67,R,8197.24,R,8364.95,D,359.49,R,1095.49
29269915,R,8814.86,R,345.51
88686445,D,4443.12,R,9253.14,R,9263.35,R,9196.50,D,237.06,R,4299.87,R,4887.80,D,2019.99,D,7935.48,R,6472.89,D,1809.58,D,7173.616889
78630077,R,4606.57,R,8758.94,D,841.98,D,1739.08,D,7948.34,D,7421.85,D,4809.12,D,8721.08,D,1186.71,D,9896.60
94137329,D,4269.43,R,2437.33,D,6270.07,R,3765.71,R,9501.31,R,555.27,R,5918.62,D,3511.62
13877508,R,2560.54,R,6766.38
13938540,R,3581.50,R,1254.31,D,9343.61,R,3103.36
16294514,R,7406.35,D,8790.66
73662860,R,7008.91,D,4342.39,R,3918.43,D,657.15,R,5761.90,D,2579.83,D,5909.15,R,1401.16,D,7430.05,D,9994.78,R,1894.93
96488469,D,704.76,D,1100.47,R,1176.47,D,3831.39,R,4805.12,D,9497.80,R,4669.00
70548973,D,8890.42,R,6339.03,R,6438.96,R,9596.89,R,1329.79,D,6002.81,R,3096.46,R,8831.04,R,9554.69,D,3515.93
93438199,R,5281.51,R,1803.12,R,8529.89,R,5199.65,R,7221.26
98619365,D,2951.64,R,7803.47,D,3384.23,D,4313.36,R,9108.31,R,8469.63,D,6626.83
20204753,D,6.66,D,4960.12,R,7971.64
31658954,R,9389.23,R,808.50
73662860,R,3305.17,D,7857.20,R,1894.13,D,2238.76,R,6049.52,R,3834.93,R,3666.14,D,8769.62,
30740273,D,8891.17,R,1100.79
54906546,D,127.28,D,6842.13,D,870.62,D,7343.30
72804749,D,3484.30,R,1592.61,R,6586.73,D,9104.77
44947319,D,1354.79,D,2032.97,D,7806.38,D,6024.07,R,4370.10,R,7472.58,D,677.85,R,7694.53,D,8543.83,R,3652.07,R,3769.32,R,3352.86648
11649163,R,9497.37,R,6078.54,D,6322.09,D,2902.40,R,7480.58,D,2281.67,R,2174.03,D,552.44,R,2710.47
64721096,R,8532.32,D,3826.04,D,4346.86,D,6065.33,D,2134.08,R,4196.13,R,6936.79,R,1480.57,R,6944.70,D,9007.90,D,6567.13,R,9785.935837
94992107,D,6873.16,D,5637.59,R,781.68,D,6256.42,D,4605.81,D,6189.98
64721096,R,7368.82,D,7618.07,R,9158.99,D,4019.15,R,3123.74,R,1975.75,D,5796.84,R,3615.97,R,8256.82,R,9333.83
35470729,D,9996.53,D,5590.66,R,5270.77,D,3257.57,R,1454.68,D,7838.06,R,5949.91,D,9143.62,R,8087.53,R,4066.10
33535194,R,4337.45,R,3387.89,D,1576.23,D,326.51,R,3619.44,R,9170.47,D,1862.23,D,7751.12,R,1709.65
98619365,D,991.91,D,219.40,R,9061.84,D,7558.36
60477072,R,5073.40,R,9897.33,D,3236.04,R,8981.17,D,430.41,D,4592.90,R,3565.13,R,5030.28,D,2799.84,D,4560.73
47029008,R,2674.81,R,9591.40,D,9653.19
16555031,R,6421.88,D,4950.65,R,3637.97,R,2573.33,R,9485.34,R,1072.75,R,4543.92,R,1789.66,R,7119.40,D,1403.36,D,1918.36,R,672.8856957
72804749,R,2092.78,R,623.87,D,5970.72,R,5112.28
34196435,R,9711.76,R,3044.93,R,3738.19,R,6322.12
84976628,D,4633.42,R,3677.15,D,7493.32
36388103,D,4307.71,D,7099.54,D,2734.78,R,436.11,R,1378.81,D,1569.74,R,2151.79,R,1070.05,R,5112.28
84551541,R,8637.34,R,615.82,D,7615.29,R,5150.39,D,151.79
94592537,R,9706.70,D,6046.13
39814510,D,5923.34,R,7843.26,R,7076.03
84551541,R,2186.19,R,2519.60,D,1424.57,R,448.58,D,2243.32,D,6091.16,R,1513.76,D,9731.40,D,5698.46,R,6613.46
27538601,D,9802.45,R,3140.26
65622753,D,4165.87,R,6464.94,D,526.86,R,2995.04,R,4893.26,R,8616.56,R,9043.93,D,2930.03,D,3878.38
94992107,D,7607.40,R,3849.60,D,8489.03,R,7159.04,D,7594.28,R,1985.37,R,497.90,R,5715.83,R,7974.23,R,1875.35,D,6272.00
97927102,R,62.17,D,515.96,D,6164.65,R,6130.75,R,4178.32,D,5989.45,D,7293.06,R,2301.34,D,4046.37,D,7120.20,R,6392.15,R,9038.779603
31621787,D,4681.24,R,3194.77,R,5766.88,R,3123.18,D,6147.43,R,1778.87
25563027,R,9881.49,D,9392.85,R,4279.84,D,8474.52,D,2564.82,R,5779.81,D,5281.86,D,4611.19,D,9839.54,D,1407.38,D,9334.32,R,9881.843975
52441740,D,8478.95,D,4312.64,R,3992.44,R,4447.52,R,9242.01,R,4221.04,D,8034.88,D,7120.73,D,6889.10,D,7269.41,D,9242.09,D,5624.577545
98619365,D,4680.42,D,771.80,D,4209.80
49348223,R,5913.47,R,6100.07,R,9747.71,D,5004.28,D,1403.63,R,4976.99,R,1788.52
72336229,R,5409.30,R,8100.70,R,1876.60,D,8484.42,R,6343.69
